1116	819
1116	430
912	819
912	1455
912	1902
912	671
912	298
912	1520
912	2133
912	1449
912	1449
912	1918
912	2282
1706	1188
1706	949
1706	997
1706	850
1706	850
1706	1423
1706	2380
1706	2115
1706	534
1706	1825
1119	1706
1119	379
1119	626
1119	594
1119	1062
42	2174
434	1389
1827	901
1827	1748
1827	1531
1827	430
1827	464
1827	2064
1827	47
1827	2149
1487	1646
1487	2347
1487	494
1487	899
1487	135
1487	1272
1487	1787
1824	265
1824	2255
1824	901
1824	901
1824	1211
1824	1747
1824	900
1824	2342
1824	805
1824	274
1824	2320
1824	2048
1824	805
1824	298
1824	298
1824	1261
1824	56
1824	2192
1824	166
1824	789
1824	394
1824	2405
1824	187
1824	1093
1824	1898
1824	61
1824	1449
1824	1785
1824	2079
1824	1435
1824	1435
1824	623
1824	440
1824	899
1824	1020
1824	948
1824	119
1824	1663
1824	47
1824	1272
1824	349
1824	696
1824	2034
1824	201
1824	1758
1824	2061
1824	699
1824	85
1824	591
1824	406
1824	919
1824	2299
1824	2191
1824	436
1417	157
1630	949
1630	864
1630	421
1630	850
1630	1423
1630	2188
1630	1589
1630	2319
1630	1449
1957	1476
1957	784
1957	2045
1957	2225
1834	2150
1834	1562
1834	1798
1834	1798
1834	1191
1834	258
1834	1031
1834	849
1834	60
1834	1596
642	2052
642	2166
642	813
642	244
642	2406
642	246
642	613
642	1449
642	391
642	911
642	155
642	490
642	2193
642	1272
642	290
642	829
642	1596
642	1622
2166	781
2166	2416
2166	894
2166	2352
2166	1688
2166	2094
2166	246
2166	1565
2166	391
2166	1447
1469	1841
1469	894
1469	2166
1469	2100
1469	1879
1469	780
1469	2352
1469	2395
1469	113
1469	399
1469	2172
1469	721
1469	167
1469	1760
1469	1649
1469	258
1469	398
1469	1921
1469	2229
1469	1233
1469	133
1469	133
1469	142
1469	995
1469	406
392	1455
392	1535
392	1104
392	2097
392	2094
1581	2068
1581	484
1581	2063
1581	1555
1581	472
1581	674
1581	509
1581	1553
2027	1726
1977	819
1977	1455
1977	2269
1977	2269
1977	1099
1977	990
1977	1214
1977	2179
1977	583
1977	69
1977	1499
1977	247
1977	247
1977	9
1977	468
1977	979
1977	1334
1977	406
1456	2184
1456	1899
1154	1097
1154	1792
627	1898
627	1898
627	2358
1137	918
1839	1482
2303	2403
632	235
632	789
632	899
1902	2424
1902	1902
1902	671
1902	875
1902	298
1902	1751
1902	243
1902	590
1902	200
1902	1516
1902	2407
1902	430
1902	899
1902	1232
1902	1443
1902	918
1307	813
1307	370
1913	1392
1164	2401
1164	694
1164	1977
1164	993
1164	298
1164	840
1164	812
1164	1545
1164	768
1164	1903
1164	2352
1164	836
1164	789
1164	394
1164	1482
1164	1238
1164	814
1164	1842
1164	2179
1164	2179
1164	1003
1164	286
1164	167
1164	23
1164	450
1164	1649
1164	2211
1164	1350
1164	830
1164	1684
1164	2378
1164	2224
1164	133
1164	84
1164	690
1164	1062
1164	406
199	2301
199	1506
199	2291
253	1112
253	1039
666	1429
666	1977
666	1044
666	2353
666	382
666	899
666	1942
666	2311
2342	813
2342	316
2342	1435
2342	1971
2116	1532
469	864
469	2320
1209	298
1466	1450
1895	2115
1895	872
1895	47
742	2175
742	1827
742	1343
742	1426
742	298
742	1562
742	1135
742	1557
742	272
742	649
742	117
742	210
742	33
742	1899
742	47
742	1618
742	794
742	857
742	2120
1963	1455
1963	1646
1963	312
1963	1956
1963	761
1963	329
1963	1458
1963	1381
1963	450
1963	415
1963	1173
1963	1309
1963	430
1963	1890
1963	1759
1963	276
1963	1185
1963	847
1963	383
1879	1120
1879	1147
1879	298
1879	1664
1879	312
1879	787
1879	652
1879	768
1879	1912
1879	1688
1879	1384
1879	951
1879	531
1879	2380
1879	415
1879	1516
1879	2362
1879	1048
1879	1398
1879	47
1879	47
1879	1890
1879	360
1879	276
1879	806
1879	597
1879	383
1879	953
1879	918
2410	1182
2410	1545
2410	768
2410	2352
2410	2352
2410	791
2410	2107
2410	872
2410	845
2410	953
807	2403
807	430
807	1139
807	52
2142	276
588	1827
588	1008
588	370
2233	1353
281	1405
1024	2076
1024	1634
1024	1526
1024	409
1024	1983
1024	519
1024	2283
1024	2308
1024	1888
1024	1546
1024	531
1024	531
1024	2338
1024	1341
1024	495
1024	133
2418	2358
2418	1358
390	1140
390	1307
390	2011
390	2238
390	339
390	2063
390	1153
390	933
390	1704
390	2128
390	383
700	840
700	406
320	402
1104	1625
1104	1455
1104	1805
1104	582
1104	768
1104	889
1104	1115
1104	1898
1104	246
1104	246
1104	1191
1104	2380
1104	1449
1104	1952
1104	2081
1104	1031
1104	2331
1104	669
1104	398
1104	718
1104	46
1104	2371
1104	65
1104	849
1104	490
1104	783
1104	2341
1104	891
1104	47
1104	60
1104	124
1104	1007
1104	555
1104	445
1768	2272
1011	1136
1558	36
1558	73
1558	803
1558	803
1558	1735
1558	2228
1558	888
1558	2001
1558	1403
1558	1152
1558	84
1558	2009
1558	842
736	707
736	298
736	1104
736	904
736	1391
736	2121
736	531
736	411
736	2384
736	1341
79	1381
45	1610
45	2190
45	969
45	870
45	1104
45	1099
45	1510
45	1868
45	1589
45	1641
45	1448
45	2081
45	2081
45	1787
45	1787
1954	620
1113	1077
1113	1580
1113	353
1113	353
1113	2270
1113	2335
2245	1164
2245	108
2245	459
235	2361
235	2361
235	1902
235	430
235	430
235	1923
235	1923
235	72
235	1392
1661	289
2192	813
2192	813
2192	609
2192	1449
2192	596
2192	442
2192	430
2192	838
2192	657
2192	2127
2192	919
975	1054
975	2026
1	1589
1	1767
1973	90
1096	804
1096	384
1096	1922
1903	1455
2352	42
2352	894
2352	642
2352	392
2352	2100
2352	1963
2352	2380
2352	258
2352	911
2352	674
2352	133
2352	142
2352	1334
2352	1334
2352	995
1975	2157
1660	1455
1660	932
1255	2405
1282	356
1433	1164
501	1251
501	2413
501	430
1531	2167
1531	1541
1531	582
1531	2320
1531	2156
1531	2272
1531	140
1531	453
1531	0
1531	741
1531	1967
1531	657
1531	550
1531	1392
1531	1404
1531	1334
1531	406
16	51
16	649
860	910
1112	357
1112	47
1112	1039
93	2310
2277	1120
2277	637
2277	1824
2277	234
2277	2100
2277	1977
2277	1216
2277	723
2277	1455
2277	2167
2277	2167
2277	1164
2277	475
2277	813
2277	864
2277	2134
2277	1550
2277	1485
2277	298
2277	2156
2277	385
2277	865
2277	585
2277	462
2277	565
2277	939
2277	1531
2277	2268
2277	28
2277	1099
2277	836
2277	1723
2277	236
2277	213
2277	1056
2277	368
2277	1560
2277	138
2277	1214
2277	1626
2277	165
2277	801
2277	2153
2277	167
2277	982
2277	473
2277	921
2277	921
2277	851
2277	1160
2277	633
2277	989
2277	69
2277	1396
2277	1684
2277	967
2277	2031
2277	2331
2277	876
2277	430
2277	855
2277	2444
2277	2178
2277	2430
2277	2115
2277	2045
2277	1570
2277	471
2277	641
2277	872
2277	388
2277	1745
2277	1566
2277	657
2277	220
2277	1788
2277	599
2277	696
2277	1340
2277	1936
2277	1936
2277	1453
2277	1392
2277	1392
2277	1385
2277	760
2277	1767
2277	205
2277	2282
2277	2282
2277	797
2277	103
2277	2421
2277	1225
2277	972
2277	70
2277	406
2277	720
2277	331
2291	1216
2291	298
2291	213
1685	1164
1685	1164
1685	939
1685	1600
1685	924
1685	1779
1685	471
1685	872
1685	1363
1685	1126
1685	148
836	637
836	2277
836	924
1312	2277
1005	2277
1877	969
763	1186
624	1120
624	2156
624	1450
376	298
733	2451
1635	1120
1635	1610
1635	1897
1635	1897
1635	1824
1635	2166
1635	1241
1635	813
1635	1218
1635	298
1635	2398
1635	652
1635	2097
1635	624
1635	789
1635	394
1635	1271
1635	1271
1635	990
1635	590
1635	643
1635	766
1635	1688
1635	2319
1635	1300
1635	343
1635	1992
1635	784
1635	453
1635	2380
1635	1435
1635	1565
1635	2258
1635	2435
1635	596
1635	1080
1635	2436
1635	2323
1635	1357
1635	1653
1635	2229
1635	724
1635	1663
1635	809
1635	47
1635	1638
1635	1657
1635	974
1635	845
1635	182
1635	2099
1635	1328
1635	2003
1635	1622
1635	2383
1635	2282
1635	2259
1635	406
1635	406
1635	1472
617	1868
617	1884
487	2325
487	2436
1072	2077
1072	1017
2264	2348
2264	2375
962	808
962	1345
962	1709
962	1941
962	2132
1141	2132
1141	1477
1034	267
1034	2338
1034	1017
1034	1714
1034	1404
646	652
646	652
646	2314
646	2338
646	2282
2102	581
2102	1060
2102	2180
2102	1754
2102	2331
2102	891
2102	1334
686	1501
1708	1589
1186	819
1186	298
1186	2277
1186	1684
1628	1386
114	430
394	707
394	2167
394	2167
394	1164
394	949
394	864
394	298
394	602
394	1054
394	1531
394	581
394	2188
394	1393
394	904
394	246
394	649
394	1861
394	861
394	1227
394	2338
394	430
394	2063
394	1473
394	2115
394	47
394	512
394	1786
394	2421
394	254
394	139
394	406
394	530
2080	949
2080	1776
2080	1810
2080	1521
2080	596
2080	2374
2080	1340
2080	406
1927	819
1927	1455
1927	298
1927	207
1927	2282
1308	1853
1308	500
1308	1386
1880	1207
1880	652
1880	2272
1880	1843
1880	2147
1880	107
1880	1880
1880	643
1880	1935
1880	1122
1880	1918
1880	847
1880	242
1880	242
1880	919
1880	856
1880	1129
1482	1369
1482	1824
1482	1455
1482	858
1482	2342
1482	969
1482	813
1482	1540
1482	298
1482	298
1482	840
1482	56
1482	1290
1482	2192
1482	768
1482	850
1482	1373
1482	1247
1482	2152
1482	4
1482	379
1482	2131
1482	1199
1482	1449
1482	1071
1482	1144
1482	1939
1482	1961
1482	873
1482	1095
1482	2329
1482	1499
1482	1832
1482	402
1482	1340
1482	1607
1482	1392
1482	1062
1482	2034
1482	2282
1482	1491
1482	2230
1482	406
1482	1184
1482	94
1190	108
1190	298
1190	56
1190	415
1190	1340
1190	1062
1190	2034
2315	768
2315	46
2315	2371
2315	2430
2315	1007
2315	555
1813	1022
1883	1120
1883	522
1883	629
1883	819
1883	548
1883	949
1883	1766
1883	1074
1883	930
1883	312
1883	96
1883	1635
1883	1880
1883	1709
1883	1794
1883	1115
1883	1448
1883	1266
1883	1387
1883	685
1883	1742
1883	1684
1883	2358
1883	1358
1883	2338
1883	2331
1883	1080
1883	1970
1883	1020
1883	2373
1883	2373
1883	1690
1883	500
1883	738
1883	80
1883	374
1883	2274
1883	512
1883	1392
1883	831
1883	1686
1883	318
1883	1415
1883	1033
1883	530
1853	522
1853	629
1853	356
1853	1925
1853	2055
1853	312
1853	652
1853	1880
1853	1709
1853	1935
1853	1387
1853	1742
1853	1684
1853	2338
1853	820
889	899
889	1272
1056	1821
1056	671
1056	1535
1056	2405
1056	1883
1056	596
1056	442
1056	2331
1056	47
1056	1392
1056	919
788	1935
2170	723
2170	298
2170	1837
2170	1575
2170	830
3	285
2111	1031
2111	2223
2111	1392
2111	1686
1060	1207
1060	680
1060	337
1060	1827
1060	364
1060	813
1060	864
1060	2320
1060	298
1060	2156
1060	1751
1060	1024
1060	294
1060	365
1060	1238
1060	1330
1060	269
1060	2343
1060	391
1060	604
1060	430
1060	2115
1060	309
1060	1446
1060	2290
1060	2348
1060	189
1060	555
1060	1892
1060	2282
1060	2284
913	813
913	298
913	840
1709	1634
1709	1880
1709	1372
1709	1709
1709	1214
1709	2403
1709	1794
1709	881
1709	2379
1709	649
1709	1191
1709	2265
1709	2358
1709	198
1709	2223
1709	1392
1709	1686
1709	1686
1589	670
1589	2092
1589	813
1589	2279
1589	45
1589	2352
1589	2253
1589	877
1589	990
1589	922
1589	1589
1589	1028
1589	2358
1589	2338
1589	2338
1589	430
1589	1026
1589	899
1589	464
1589	464
1589	47
1589	1331
1589	1155
1589	2067
1589	52
1589	917
1795	652
1795	2457
2180	1177
2180	2415
1878	1902
1878	1164
1878	816
1878	2180
1878	1684
1878	1080
1878	464
1878	2457
1878	2230
956	41
956	2216
956	1455
956	1562
956	728
956	1995
956	1567
956	11
956	1759
956	2408
956	1036
408	41
408	2320
408	1562
408	442
408	65
408	1923
408	1759
408	586
408	952
1238	399
1201	1593
1201	1031
1201	1970
1201	188
1201	847
1817	595
2455	492
871	790
871	2168
871	1673
871	1451
871	2173
871	2101
871	756
871	1296
120	298
1670	1824
893	1562
97	548
1045	671
1045	268
1045	768
1045	133
1045	383
1214	1824
1214	2342
1214	2382
1214	168
1214	274
1214	2156
1214	314
1214	430
1214	2408
800	2204
334	781
334	1824
334	840
334	2272
334	1635
334	195
334	2117
334	1760
334	1760
334	2380
334	2383
334	2017
2133	1824
2133	1902
2133	671
2133	1868
2133	1214
2133	960
2133	1504
2133	133
2133	1840
2133	2383
2133	2017
1382	1902
1382	1104
1382	2319
1382	2383
4	1435
2252	1937
2252	1439
2252	1712
2252	724
2252	2124
1235	1164
1235	816
1235	1448
1235	2141
1235	257
551	2303
551	427
551	2284
551	406
551	1556
758	2352
758	1684
291	2082
2403	2305
2403	627
2403	1569
2403	1669
2403	1289
2403	274
2403	1963
2403	1054
2403	1
2403	280
2403	2188
2403	2188
2403	2007
2403	1345
2403	2403
2403	1782
2403	1794
2403	881
2403	802
2403	461
2403	198
2403	1690
2403	1139
2403	1418
2403	52
2403	2274
2403	530
2403	153
2201	259
2201	1824
2201	1054
2201	2188
2201	100
2201	1345
2201	2403
2201	767
2201	911
2201	872
2201	1139
2201	52
2201	530
2151	541
2151	1074
2151	2320
2151	993
2151	742
2151	1434
2151	1545
2151	2188
2151	1880
2151	100
2151	1238
2151	814
2151	1962
2151	227
2151	1387
2151	1860
2151	623
2151	1365
2151	1084
2151	2132
2151	1184
2363	1369
2363	671
2363	2405
2363	1131
2363	329
2363	1180
2363	753
2363	1387
2363	911
2363	2174
2363	371
507	1893
507	268
507	1276
507	1354
507	2229
507	1480
352	2380
2010	100
2010	401
1509	898
1509	135
852	819
852	1356
1774	1979
1461	1455
1461	1455
1461	1307
1461	421
1461	617
1461	990
1461	669
1461	1107
1461	2297
1461	1845
1461	1334
526	1455
526	2320
526	990
526	2455
526	1842
526	1648
526	669
526	1107
526	1845
526	1334
526	447
12	935
12	1428
12	1551
1799	167
1799	133
2143	2071
510	1391
2212	537
2212	2174
2212	1730
691	216
1168	298
1168	1531
1168	1940
1168	1702
1600	2277
1600	1685
1330	1120
1330	790
1330	1964
1330	994
1330	108
1330	813
1330	813
1330	671
1330	2318
1330	2414
1330	571
1330	2320
1330	298
1330	459
1330	1634
1330	2277
1330	789
1330	1635
1330	581
1330	1482
1330	1589
1330	140
1330	987
1330	1546
1330	167
1330	1935
1330	649
1330	1448
1330	117
1330	1652
1330	2338
1330	2115
1330	47
1330	188
1330	844
1330	844
1330	1042
1330	550
1330	1987
1330	2348
1330	2348
1330	555
1330	468
1330	847
1330	1062
1330	1758
1330	2282
1330	2017
1716	2017
263	1191
263	2177
263	1622
263	324
186	1897
186	637
186	105
186	864
186	2318
186	2320
186	1634
186	652
186	1531
186	117
186	669
186	555
186	468
186	1686
186	2383
186	2284
559	1897
559	2320
559	2156
559	2272
559	1837
559	2201
559	273
559	23
559	1449
559	391
559	430
455	298
455	2156
455	269
455	1191
455	1449
455	1449
455	2023
455	1358
455	47
455	516
455	1718
455	1030
455	139
455	406
455	530
1237	643
1237	2023
1237	9
1237	300
1237	1507
1237	530
1237	1481
200	306
200	1342
200	298
200	1482
200	1250
200	2319
200	2319
200	2023
200	1979
200	1926
200	1662
1180	2156
1180	2269
1180	2269
1180	2418
1180	939
1180	1482
1180	167
1180	1760
1180	2023
1180	1358
1180	848
1180	899
1180	500
1180	1272
1180	903
1180	1334
1180	2282
1613	2320
1613	990
1613	737
1613	406
1613	1050
1613	919
557	1957
557	1770
557	462
557	2277
557	824
557	1663
557	1869
2184	1957
1035	813
2310	553
2310	1541
2310	2363
2310	507
2310	1144
2310	984
2310	931
19	553
19	2363
19	507
1534	1824
2207	653
2207	1787
801	1586
801	2277
801	1079
801	1492
801	430
801	133
801	2213
801	406
801	1875
2319	1120
2319	1610
2319	1624
2319	1821
2319	299
2319	26
2319	1487
2319	1824
2319	1732
2319	819
2319	1777
2319	1263
2319	949
2319	813
2319	1776
2319	2320
2319	2272
2319	2291
2319	779
2319	698
2319	114
2319	2188
2319	643
2319	1102
2319	2319
2319	1409
2319	15
2319	1309
2319	1439
2319	1288
2319	1940
2319	391
2319	391
2319	1966
2319	991
2319	631
2319	809
2319	844
2319	1038
2319	1986
2319	1915
2319	1287
2319	9
2319	1845
2319	1392
2319	1930
2319	1930
2319	435
2319	2284
2319	406
2319	406
2319	919
2319	1582
2319	1298
2319	817
904	741
1763	298
1763	2319
1763	1979
1763	405
1763	406
1763	919
313	1863
1924	1096
1924	1693
1083	1200
2153	1164
2153	2414
2153	1854
2153	2320
2153	415
2153	415
2153	1802
2153	1932
2153	47
2153	486
2153	2284
2153	249
1003	2320
1003	1815
1003	1932
40	1774
40	1622
2016	2175
2016	1426
2016	1760
2016	210
2016	1592
2016	1672
2016	323
2016	2434
2016	1825
2016	857
2016	2120
2016	2399
2016	1036
2016	769
1231	811
653	1303
653	1904
653	518
653	470
653	1991
653	2047
653	667
653	22
653	1922
653	1131
653	1384
653	1133
653	1565
653	442
653	1592
653	430
653	978
653	357
653	757
653	417
653	1759
653	950
517	518
517	22
1671	2372
1671	1589
141	1455
141	813
141	430
1391	1943
1391	618
1391	668
1391	668
1391	2379
1391	1760
1391	1167
1391	2183
1391	1683
1391	855
1391	91
1391	1007
1391	2282
429	1391
1905	2422
1905	1095
1905	725
825	2320
825	282
825	846
825	919
2121	2422
2121	2379
2121	855
2121	899
2121	1272
656	1328
269	1328
1427	813
1427	840
1427	2202
1427	789
1427	643
1427	391
1427	2101
1427	2425
1427	406
1427	2026
2162	2038
13	2204
13	52
2419	649
2419	2439
1204	2038
2138	2138
2085	2332
1442	664
1442	2071
1442	298
1442	1454
1442	1253
1442	1381
1442	951
1442	15
1442	1288
1442	2360
1442	440
1442	1945
1442	1340
593	1381
593	463
593	1205
593	1767
640	651
640	651
966	391
966	847
966	406
2094	175
2379	1007
1637	572
1511	1164
183	1935
183	430
183	530
2250	2414
2250	2338
2250	464
2250	139
2118	50
1114	287
122	287
122	2167
122	1546
122	1448
122	2229
1797	518
1797	819
1797	481
1797	298
1797	2282
2257	1455
2257	1358
575	554
575	837
575	819
575	1455
575	481
575	813
575	298
575	840
575	652
575	890
575	1468
575	47
575	1453
575	847
575	2282
2384	1455
2384	475
2384	2382
2384	864
2384	1886
2384	1485
2384	421
2384	397
2384	298
2384	1991
2384	1024
2384	1681
2384	1054
2384	521
2384	2277
2384	81
2384	1235
2384	1526
2384	896
2384	23
2384	1988
2384	2406
2384	246
2384	1191
2384	1471
2384	386
2384	1080
2384	2066
2384	2300
2384	1845
2384	2019
2384	2129
2384	2383
386	1024
386	2272
386	521
386	2406
386	739
386	2129
982	1351
982	1681
982	23
982	2406
982	577
982	1383
982	2019
1516	1902
1516	808
1516	590
1516	982
2306	23
2306	2218
1649	1469
1649	875
1649	1681
1649	23
1649	1988
1649	498
1649	2406
1649	2406
190	808
190	1054
190	1837
190	951
190	2066
190	1567
190	760
2211	671
2211	298
2211	840
2211	1471
2211	1949
2211	157
2211	662
735	1979
266	2166
266	2352
1449	1120
1449	2052
1449	1824
1449	2166
1449	1323
1449	679
1449	1164
1449	2092
1449	1646
1449	813
1449	813
1449	571
1449	298
1449	45
1449	1520
1449	1277
1449	652
1449	768
1449	1866
1449	2352
1449	789
1449	1883
1449	877
1449	990
1449	2180
1449	2321
1449	2310
1449	246
1449	1861
1449	1448
1449	453
1449	2380
1449	1449
1449	861
1449	929
1449	15
1449	1746
1449	1205
1449	1049
1449	1926
1449	2358
1449	1358
1449	391
1449	1242
1449	442
1449	2338
1449	2338
1449	820
1449	430
1449	339
1449	1026
1449	902
1449	464
1449	464
1449	759
1449	1095
1449	490
1449	724
1449	573
1449	47
1449	725
1449	402
1449	188
1449	367
1449	1987
1449	1155
1449	1959
1449	2067
1449	52
1449	1017
1449	1105
1449	1392
1449	1415
1449	1622
1449	563
1449	2282
1449	2230
1449	139
1449	144
1449	406
1071	571
1071	789
1071	531
1071	47
1273	1902
1273	1902
1273	813
1273	816
1273	2180
1273	2179
1273	416
1273	2380
1273	1177
1273	2415
1273	1684
1273	1684
1273	1080
1273	1080
1273	464
1273	47
1273	681
1058	421
1058	298
1058	840
1058	1649
1058	657
1058	798
1058	1184
244	1723
244	1389
244	1250
244	2213
1179	2121
1727	2010
1727	580
1304	1217
2154	1824
1972	1066
1609	784
1609	1309
2324	298
2324	789
2324	1560
2324	511
2324	1198
2324	1340
2324	1105
1974	613
1486	500
1486	831
1675	1565
1478	1686
1852	332
1852	353
1852	2270
110	298
968	2039
968	298
968	2272
968	125
968	911
968	872
968	1786
968	2299
897	296
117	1838
117	2166
117	1029
117	2167
117	2382
117	813
117	813
117	1338
117	2320
117	431
117	298
117	298
117	840
117	618
117	1688
117	1707
117	1097
117	1792
117	1250
117	2292
117	2263
117	951
117	2380
117	1939
117	30
117	1227
117	748
117	391
117	1676
117	2064
117	2330
117	402
117	845
117	1786
117	2282
117	2282
117	144
1165	2167
1165	2382
1165	813
1165	2272
1165	2313
1165	25
1165	2319
1165	1409
1165	2338
1165	2073
1064	2166
1064	813
1064	298
1064	1729
1064	1420
1064	585
1064	30
1064	2338
1064	464
1064	1499
1064	1631
1064	1818
1064	1349
2254	2320
2254	2048
2254	2037
2254	766
2254	596
2254	2338
2254	919
1683	2433
1683	1499
354	1693
1170	572
2125	2318
2125	609
2125	1463
2125	2204
2125	1956
2125	1031
2125	442
2125	1616
2125	1965
2125	1200
478	1932
478	500
478	745
387	2117
1046	1932
1145	2319
2271	2320
2271	1880
2271	643
2271	2203
2271	2125
2271	589
2271	1184
677	1957
677	1957
677	557
796	105
796	105
796	1164
796	635
988	1014
988	1910
988	572
920	789
920	1622
1952	1880
1952	899
1336	531
1336	1294
1336	1358
484	119
321	1635
321	2310
321	665
705	2064
1366	316
1366	2358
1366	596
1366	729
474	1897
474	190
474	1257
474	211
741	562
741	1676
1684	16
1715	813
1715	1482
1715	140
1715	649
1715	550
1715	1062
55	1216
55	1480
1674	1785
2023	1449
2023	1419
2023	1944
2023	1662
2023	873
2023	300
2023	485
1979	1286
1979	1449
1979	1449
1979	1944
1979	1966
1979	485
1926	2166
1926	1338
1926	1449
1926	485
1941	1690
914	582
914	840
914	1310
914	416
914	1273
914	1392
1031	2393
1031	1964
1031	1077
1031	2159
1031	1247
1031	1589
1031	731
1031	2319
1031	841
1031	1200
1031	620
1031	197
1031	452
1031	2186
1031	1018
270	819
270	298
270	1684
1067	819
1067	298
1067	1684
1067	927
1862	2017
2374	1854
2374	274
2374	584
2374	1235
2374	246
2374	1191
2374	2141
2374	882
2374	714
2374	391
595	1476
595	1002
595	2310
595	1021
185	1455
185	2113
185	2048
185	1020
185	845
1976	1502
1976	2424
1976	2320
1976	2156
1976	789
1976	1079
1976	1482
1976	1993
1976	464
1976	1663
1976	488
1976	1155
1976	1007
1976	555
1976	196
606	2320
606	348
1993	1420
1993	1007
218	159
218	1887
218	2452
218	845
2454	1663
2454	1392
2454	1392
2402	1960
1916	430
1080	1455
1080	1455
1080	2150
1080	1770
1080	74
1080	1721
1080	2076
1080	1634
1080	312
1080	1206
1080	1935
1080	2183
1080	938
1080	1452
1080	1742
1080	2271
1080	1049
1080	430
1080	661
1080	530
876	430
430	1732
430	1913
430	199
430	813
430	671
430	864
430	277
430	1324
430	826
430	1621
430	397
430	2200
430	298
430	298
430	1963
430	2269
430	243
430	385
430	2272
430	1476
430	2295
430	1868
430	1214
430	1279
430	2403
430	2363
430	186
430	1526
430	409
430	1983
430	1602
430	174
430	935
430	2307
430	286
430	23
430	444
430	2446
430	1071
430	1301
430	15
430	2439
430	604
430	1970
430	743
430	946
430	2064
430	1499
430	1677
430	1659
430	1738
430	2297
430	734
430	410
430	2013
430	527
430	755
430	1302
430	1392
430	715
430	1644
430	1334
430	2282
430	2421
430	1132
430	406
430	1401
430	1195
855	1120
855	83
855	819
855	2167
855	1913
855	2414
855	298
855	1024
855	2279
855	812
855	1019
855	465
855	273
855	186
855	2043
855	1779
855	1950
855	2198
855	2126
855	2235
855	711
855	714
855	1705
855	1916
855	876
855	1970
855	1970
855	2146
855	1724
855	1468
855	1453
855	2282
855	2282
855	103
1504	1293
1808	1102
1529	848
2402	1710
2402	391
2402	1392
2436	1241
2436	1638
1676	518
1676	1854
1676	2200
1676	742
1676	356
1676	688
1676	1144
1676	2201
1676	2363
1676	507
1676	1144
1676	968
1676	1831
1676	748
1676	6
1676	2107
1676	219
1676	1181
2219	298
2219	2188
1891	1824
1896	1455
1896	2188
1896	1662
1896	442
2072	1824
2072	1435
1268	1589
1268	1442
2369	1824
2369	1482
2369	2304
2369	649
2369	872
2369	555
2426	1824
1527	652
2447	1062
569	813
569	298
569	2192
1872	937
1567	518
1567	1589
1567	430
1567	490
1567	2282
437	1646
589	1645
589	1645
589	21
589	1935
589	468
713	1645
713	1235
713	1684
2286	812
2286	1062
2440	1961
1352	1164
1352	2325
1352	1562
1352	1562
1352	652
1352	159
1352	1938
1352	1938
1352	1898
1352	1898
1352	861
1352	240
1352	1961
1352	1961
1352	845
1352	769
2273	298
539	298
539	762
1208	1475
1208	712
1208	1646
1208	1276
1208	850
1208	570
1208	2413
1208	1864
1208	2197
1208	638
1208	983
2392	951
2392	2383
288	298
288	523
899	41
899	1120
899	1120
899	131
899	525
899	1969
899	901
899	393
899	1897
899	1369
899	1824
899	1900
899	998
899	819
899	1455
899	1455
899	1964
899	2424
899	2424
899	1318
899	632
899	1234
899	1305
899	2450
899	2450
899	994
899	994
899	2167
899	1541
899	108
899	226
899	576
899	1646
899	2364
899	1796
899	2014
899	2382
899	813
899	813
899	671
899	1543
899	2051
899	1776
899	1645
899	1886
899	541
899	727
899	875
899	1578
899	2236
899	2320
899	397
899	298
899	1991
899	491
899	2269
899	2269
899	1562
899	1634
899	2053
899	193
899	1664
899	1520
899	235
899	2309
899	1545
899	1681
899	2168
899	652
899	652
899	532
899	2272
899	768
899	248
899	789
899	1635
899	1245
899	2249
899	990
899	990
899	1868
899	1364
899	1753
899	717
899	766
899	1235
899	2151
899	1393
899	542
899	562
899	1102
899	2121
899	1300
899	343
899	343
899	1992
899	1935
899	23
899	2406
899	246
899	1191
899	24
899	1861
899	867
899	936
899	1731
899	951
899	311
899	1448
899	791
899	2380
899	2380
899	2384
899	1516
899	1649
899	1071
899	1435
899	1435
899	2208
899	127
899	556
899	1416
899	1049
899	69
899	69
899	2358
899	1358
899	596
899	391
899	2338
899	2338
899	1899
899	430
899	430
899	339
899	1949
899	1689
899	1689
899	1910
899	278
899	718
899	2260
899	464
899	911
899	2444
899	759
899	493
899	1570
899	2229
899	724
899	54
899	931
899	1530
899	1663
899	1663
899	1869
899	809
899	47
899	47
899	738
899	2144
899	1627
899	514
899	126
899	1178
899	1447
899	1568
899	1583
899	1340
899	1340
899	215
899	1007
899	926
899	2427
899	2155
899	1062
899	794
899	1786
899	2457
899	328
899	760
899	760
899	943
899	1622
899	92
899	1334
899	1549
899	2383
899	2383
899	1259
899	1713
899	1713
899	7
899	139
899	406
899	406
899	436
899	436
899	1481
626	605
626	671
626	2200
626	2319
626	2443
626	775
1689	2014
1689	1886
1689	727
1689	248
1689	990
1689	1935
1689	2406
1689	951
1689	899
1689	899
1689	464
1689	1858
1689	1272
1689	1272
1689	126
1689	2383
1689	1259
940	2406
1809	1449
2222	684
2222	671
2222	840
2222	204
2222	293
2222	2179
2222	907
2222	476
2222	1870
2222	1682
292	671
292	840
292	293
292	1870
292	2225
1400	671
1400	840
1400	293
1400	1870
425	1957
425	1957
425	557
425	973
1712	1828
1712	2408
1712	2105
1322	2174
1548	95
1548	1857
1548	294
1548	2363
1548	1979
1020	1293
1020	1824
1020	813
1020	1589
1020	61
1021	2171
1021	557
1836	392
1836	298
1836	1684
1836	965
1836	2015
1022	1369
1022	1174
1022	1276
1022	768
1022	1813
1022	2260
1022	1473
1022	2042
1022	71
1022	383
2063	2277
2063	1048
2063	47
567	41
567	1441
567	1337
2078	41
2078	1441
2078	1337
2078	1140
1473	158
1473	2437
1473	1922
1473	1866
1473	779
1473	843
1473	613
1473	359
1473	899
1473	357
1473	1272
1473	1412
1473	2105
1473	497
1473	406
357	1120
357	1455
357	2424
357	1646
357	2438
357	384
357	399
357	2180
357	1191
357	1064
357	899
357	1326
357	278
357	1530
357	255
357	1272
357	1385
357	1513
357	665
357	1825
1947	2097
1947	1825
1437	1859
1580	2270
46	1276
46	1112
46	1859
46	1592
46	1759
1013	2107
1013	831
2371	1859
1153	642
1153	1124
1153	1934
1153	819
1153	2113
1153	1164
1153	2012
1153	1535
1153	397
1153	2200
1153	298
1153	768
1153	2102
1153	1883
1153	899
1153	1479
1153	229
1153	84
1153	2282
1153	1825
1687	1124
1687	2456
1687	2039
1687	1004
1687	1886
1687	789
1966	716
1966	969
1966	840
1966	2277
1966	1955
1966	1684
1966	391
1966	395
1966	435
1966	1622
2397	2358
1408	872
2042	1369
2042	2418
2042	494
2042	1276
2042	768
2042	768
2042	1955
2042	2258
2042	2081
2042	1022
2042	71
2042	413
2042	383
2042	383
2042	2127
65	1303
65	1904
65	2381
65	1320
65	1955
65	65
65	383
873	835
873	2272
873	271
873	293
873	1270
873	1677
873	932
873	1907
873	1192
2430	132
636	1580
636	353
636	2270
1921	2424
1921	298
1921	1522
29	121
2160	1031
2160	2176
866	1077
1851	1216
1851	1077
1851	997
1851	826
1851	450
1851	2380
1851	1923
1851	353
1851	2186
774	959
774	2277
774	1435
2373	1455
2373	108
2373	2320
2373	2277
2373	334
2373	2157
2373	1340
2373	197
2373	1007
2373	1786
2373	1786
2373	919
111	1455
1226	2282
5	2424
5	2272
5	1031
5	1031
1564	1123
1564	613
1658	819
1658	1455
1658	1339
1658	813
1658	2347
1658	1353
1658	298
1658	913
1658	2125
1658	1439
1658	2358
1658	855
1658	1398
1658	1392
1658	2457
1658	2282
1658	2282
1658	918
1923	130
1923	1439
1923	849
1923	1601
1923	931
1923	2293
996	2277
996	1949
996	1321
996	1787
996	793
996	2282
996	568
996	530
71	656
71	1676
71	1690
71	1477
1258	668
1258	1690
1220	1085
1679	825
1679	825
1679	1184
1679	654
472	77
472	613
933	819
933	1455
933	785
1704	555
1704	2284
1095	1455
1095	768
1095	1099
1095	2277
1095	2405
1095	1482
1095	1235
1095	1083
1095	1191
1095	358
1095	47
1095	1272
351	1630
351	2342
1730	537
1730	338
467	1292
467	537
467	595
467	338
1508	1131
1508	623
1508	1009
1508	371
1295	1824
1295	2043
1295	623
1295	855
1585	1834
1585	623
776	623
164	786
164	557
164	23
164	386
164	1649
164	1449
164	1020
164	500
164	1693
164	516
164	1392
164	1865
1078	786
1078	2125
1078	2354
1078	500
2350	1377
2350	201
1493	965
1493	2445
146	2158
146	1889
146	784
1614	2158
1614	1986
123	784
123	1438
123	2066
123	2004
157	819
157	481
157	813
157	298
157	2239
157	789
157	394
157	232
157	8
157	1763
157	2406
157	1966
157	157
157	92
157	2383
157	552
1778	2277
1932	1133
1932	492
1932	2205
1932	1932
1932	500
1932	745
1932	144
2420	661
2420	152
1773	813
1773	2179
1773	533
1773	1448
1773	531
1773	210
1773	1092
1773	830
1773	2210
1773	555
1773	555
1773	661
1773	2284
1773	2284
1773	769
1773	139
1773	856
1773	856
396	661
2289	786
2289	17
1348	1820
676	813
676	1820
2107	548
2107	298
2107	742
2107	1476
2107	501
2107	67
2107	688
2107	507
2107	1814
2107	2379
2107	1619
2107	2062
2107	1676
2107	192
2107	847
2107	2340
2107	194
2107	1149
2107	1422
2107	284
53	954
53	301
53	2216
53	2216
53	1162
53	2052
53	2381
53	1867
53	850
53	667
53	2164
53	556
53	2338
53	1689
53	1570
53	2098
53	47
53	1340
53	2267
53	2017
53	1783
53	2399
573	1436
573	301
573	2325
573	343
573	556
573	1570
573	799
573	845
573	2457
573	1958
872	131
872	418
872	1590
872	1969
872	301
872	2216
872	1162
872	1934
872	1455
872	1455
872	2424
872	308
872	813
872	864
872	1130
872	1578
872	298
872	2269
872	1024
872	1024
872	1286
872	1520
872	789
872	1579
872	228
872	228
872	195
872	1868
872	2232
872	1935
872	127
872	2338
872	430
872	655
872	2098
872	1773
872	1663
872	47
872	47
872	188
872	1175
872	290
872	799
872	300
872	1787
872	634
872	793
872	2282
872	568
872	2399
872	1875
620	804
620	964
620	2052
620	1922
620	76
620	2312
620	1048
1398	1024
1398	1110
1398	2271
1398	430
2005	2107
931	393
931	864
931	840
931	618
931	1922
931	246
931	357
931	65
931	1627
931	2293
931	2284
1832	1171
1832	1089
1832	2316
1349	2382
1349	251
1349	1485
1349	2065
1349	1637
1349	1144
1349	1484
1349	430
1349	1280
1349	1470
1349	340
1349	495
1349	435
1349	406
1383	1824
1383	990
1383	2115
1363	468
402	1212
402	658
402	2150
402	298
402	602
402	56
402	2206
402	25
402	963
402	1935
402	179
402	669
402	1947
402	1908
402	188
402	1552
402	1786
188	188
367	2113
367	1935
657	1164
657	298
657	298
657	565
657	16
657	2277
657	1006
657	2291
657	2295
657	1560
657	1589
657	430
657	2115
657	657
657	1720
657	276
657	1256
657	406
892	657
2089	2320
1720	1164
1720	969
1720	1256
1638	1164
1638	2000
1638	1363
1163	1635
1163	1589
1163	2180
1163	1071
1163	1273
1163	841
1163	347
1163	2017
1344	2380
1344	1663
2058	1964
2058	994
2058	1646
2058	298
2058	787
2058	1044
2058	951
2058	2141
2058	2380
2058	1447
2058	92
1272	41
1272	1120
1272	131
1272	525
1272	1969
1272	901
1272	393
1272	1897
1272	1369
1272	1824
1272	998
1272	1934
1272	819
1272	1455
1272	1455
1272	1964
1272	2424
1272	2424
1272	1318
1272	632
1272	1234
1272	1305
1272	2450
1272	2450
1272	994
1272	994
1272	2167
1272	1541
1272	108
1272	226
1272	1646
1272	1182
1272	2364
1272	1796
1272	2014
1272	2382
1272	813
1272	813
1272	671
1272	1543
1272	2051
1272	1776
1272	1886
1272	727
1272	875
1272	1578
1272	2236
1272	2320
1272	397
1272	2200
1272	298
1272	298
1272	1991
1272	491
1272	2269
1272	2269
1272	1562
1272	1634
1272	2053
1272	193
1272	1664
1272	1520
1272	2309
1272	1545
1272	1681
1272	2168
1272	652
1272	652
1272	532
1272	2272
1272	768
1272	248
1272	789
1272	1635
1272	2080
1272	1245
1272	2249
1272	990
1272	990
1272	1868
1272	1364
1272	1753
1272	717
1272	766
1272	1235
1272	2151
1272	1393
1272	542
1272	1000
1272	562
1272	1811
1272	1102
1272	1526
1272	1300
1272	343
1272	1992
1272	1935
1272	23
1272	2406
1272	246
1272	1191
1272	24
1272	1861
1272	867
1272	936
1272	1731
1272	951
1272	311
1272	1448
1272	791
1272	2380
1272	2380
1272	2384
1272	1516
1272	1649
1272	1071
1272	1435
1272	2208
1272	127
1272	556
1272	1416
1272	1049
1272	69
1272	69
1272	2358
1272	2326
1272	1358
1272	596
1272	391
1272	2338
1272	2338
1272	1899
1272	430
1272	430
1272	339
1272	1949
1272	899
1272	1689
1272	1689
1272	1910
1272	718
1272	2260
1272	464
1272	911
1272	2444
1272	759
1272	493
1272	2362
1272	1048
1272	1570
1272	1095
1272	2229
1272	724
1272	54
1272	573
1272	931
1272	1530
1272	1663
1272	1663
1272	809
1272	47
1272	47
1272	738
1272	2144
1272	1627
1272	514
1272	126
1272	360
1272	1178
1272	1447
1272	1568
1272	1583
1272	1340
1272	1340
1272	133
1272	215
1272	1007
1272	926
1272	1039
1272	2427
1272	2155
1272	1062
1272	794
1272	1786
1272	2457
1272	328
1272	760
1272	760
1272	943
1272	1415
1272	1622
1272	92
1272	1334
1272	1549
1272	2383
1272	2383
1272	1259
1272	1713
1272	1713
1272	995
1272	2284
1272	7
1272	139
1272	406
1272	406
1272	436
1272	436
1272	1481
145	576
145	605
145	992
349	1169
349	1805
349	2322
349	1876
349	682
349	2196
349	1053
349	619
349	1065
349	2453
349	345
349	1410
349	231
349	297
349	2036
349	84
349	2412
349	201
349	201
349	1183
349	241
1736	1634
1736	2226
1736	430
1736	2115
1695	2226
1620	1634
2391	813
1038	2423
1038	1156
1421	1435
1693	2006
1693	1796
1693	1059
1693	1830
1693	1448
1693	453
1693	1650
1693	1449
1693	1746
1693	830
1693	1754
1693	1281
1693	1949
1693	1567
1693	1690
1693	1690
1693	52
1693	862
1693	406
516	1956
516	1251
516	1251
516	1746
516	1358
516	391
516	555
516	1413
516	2284
516	406
516	2145
2348	1210
2348	1765
2348	481
2348	475
2348	582
2348	813
2348	1130
2348	298
2348	2269
2348	459
2348	1721
2348	2448
2348	1538
2348	557
2348	1489
2348	1166
2348	1797
2348	575
2348	1066
2348	2338
2348	430
2348	2181
2348	1693
2348	1328
2348	689
2348	2457
2348	361
2348	1229
2348	1472
1051	2282
101	41
101	1212
101	1286
101	2206
101	963
101	2141
101	1266
101	2214
101	946
101	1759
1306	1180
1483	2242
1483	2320
1483	2121
1483	1663
1483	1184
189	1455
189	397
189	1054
189	2151
189	1750
189	531
189	1387
189	810
189	1076
189	52
1262	169
1262	1871
400	1822
373	1043
373	853
373	47
482	1369
482	268
482	2081
482	1480
482	1203
1252	561
1252	652
1252	903
2355	970
2355	48
43	1455
43	481
2025	2277
2025	1435
133	1120
133	1362
133	2246
133	2303
133	1711
133	813
133	2320
133	298
133	350
133	2269
133	1810
133	1634
133	2192
133	2020
133	1740
133	1813
133	1060
133	2133
133	1750
133	2319
133	1442
133	1997
133	1935
133	69
133	2338
133	430
133	1378
133	2073
133	1961
133	1923
133	933
133	872
133	1194
133	1334
133	2282
133	2282
133	1401
133	1298
142	518
142	298
142	607
2317	2320
2317	2145
454	913
454	1684
1061	621
1061	1155
1073	300
222	301
222	2052
222	790
222	671
222	298
222	1276
222	1922
222	1235
222	1842
222	2338
222	738
222	1340
222	1155
222	1392
222	1001
222	1415
222	144
798	2052
798	790
798	1978
798	298
798	1
798	1459
798	1340
798	1415
1155	1485
1155	298
1155	1751
1155	480
1155	1439
1155	430
1155	1001
1155	389
612	2414
612	2156
1919	131
1919	813
1919	2414
1919	2320
1919	298
1919	2156
1919	1589
1919	1754
448	2414
448	2156
1248	1165
1007	2320
1007	610
1007	1728
1007	1102
1007	309
1007	1385
1007	144
555	2414
555	2320
555	1728
555	2168
555	2272
555	2339
555	1066
555	134
555	2338
555	2107
555	2431
555	144
775	1821
1407	1815
1407	2400
1407	2400
1407	2119
1407	1031
1407	1031
1407	1828
1138	1192
1781	1998
1781	766
1781	653
1781	156
1781	437
1781	1668
192	1212
192	2158
192	538
192	548
192	1476
192	688
192	735
192	1619
192	387
192	810
192	1242
192	2030
192	1923
192	1923
192	2432
192	2329
192	676
192	2270
192	241
192	919
681	1047
681	1949
1260	969
1260	813
1260	397
1260	298
1260	2192
1260	2282
2288	1369
2288	1824
2288	1077
2288	397
2288	397
2288	298
2288	298
2288	1815
2288	2053
2288	2053
2288	1846
2288	557
2288	2119
2288	2042
2288	2289
2288	598
2288	1914
2288	1407
468	41
468	1120
468	1224
468	83
468	1212
468	1588
468	2351
468	980
468	1590
468	1246
468	2086
468	1821
468	1821
468	1706
468	2215
468	1897
468	1487
468	1873
468	2361
468	1824
468	528
468	216
468	89
468	2054
468	1587
468	499
468	998
468	1710
468	199
468	1608
468	949
468	1646
468	969
468	813
468	671
468	1338
468	1990
468	2318
468	2134
468	2414
468	2021
468	2428
468	397
468	2200
468	298
468	298
468	840
468	2156
468	404
468	1729
468	2381
468	1434
468	610
468	1815
468	2053
468	2053
468	45
468	1277
468	283
468	1847
468	1423
468	1717
468	462
468	630
468	1611
468	1531
468	1531
468	16
468	2000
468	624
468	698
468	789
468	1635
468	646
468	1135
468	1843
468	2188
468	2007
468	2405
468	100
468	877
468	990
468	1868
468	271
468	1214
468	293
468	416
468	159
468	1384
468	2321
468	562
468	2285
468	1102
468	403
468	1311
468	455
468	1283
468	2153
468	1425
468	316
468	1962
468	1458
468	963
468	963
468	1807
468	1121
468	1992
468	1511
468	784
468	649
468	1191
468	2380
468	415
468	2306
468	2413
468	1864
468	511
468	1177
468	2415
468	2453
468	345
468	1144
468	921
468	1785
468	1435
468	480
468	861
468	1939
468	1577
468	15
468	1565
468	1309
468	981
468	332
468	179
468	1049
468	1070
468	1684
468	1439
468	1439
468	1288
468	2360
468	1940
468	102
468	596
468	391
468	2338
468	2385
468	149
468	1976
468	1899
468	669
468	2140
468	855
468	855
468	1790
468	2093
468	899
468	911
468	297
468	160
468	1692
468	1960
468	155
468	1605
468	1095
468	91
468	724
468	44
468	1826
468	1826
468	2220
468	2341
468	1269
468	1678
468	2452
468	2210
468	47
468	47
468	738
468	1349
468	402
468	1559
468	844
468	1042
468	1272
468	290
468	1098
468	1038
468	696
468	1340
468	2287
468	1453
468	806
468	2366
468	1287
468	1591
468	597
468	2139
468	1845
468	845
468	845
468	2288
468	1682
468	1333
468	971
468	1244
468	2104
468	1010
468	1392
468	1001
468	1786
468	302
468	2457
468	1404
468	661
468	328
468	2003
468	1415
468	1622
468	1622
468	1334
468	2383
468	1033
468	363
468	1395
468	1491
468	1386
468	777
468	406
468	406
468	919
468	49
468	530
468	436
468	1481
662	1883
2096	1991
2096	16
2096	2000
2096	963
2096	2338
1682	41
1682	2215
1682	1100
1682	1608
1682	2134
1682	2021
1682	298
1682	298
1682	404
1682	2381
1682	1815
1682	2053
1682	2053
1682	1277
1682	1717
1682	1611
1682	624
1682	2405
1682	319
1682	1235
1682	1102
1682	455
1682	1283
1682	963
1682	1511
1682	649
1682	511
1682	1144
1682	1144
1682	1435
1682	916
1682	556
1682	1547
1682	2140
1682	855
1682	899
1682	911
1682	2444
1682	297
1682	1960
1682	1559
1682	1272
1682	1038
1682	2366
1682	1870
1682	1062
1682	1431
1682	1386
1682	1481
722	1732
722	2405
722	1144
722	1144
722	1450
722	899
722	1272
722	1481
1464	1815
887	959
887	2320
887	2338
887	1899
887	724
887	1327
887	696
887	412
887	1057
1743	2234
52	2393
52	707
52	1902
52	1646
52	1886
52	808
52	1721
52	312
52	977
52	37
52	1054
52	1345
52	2403
52	896
52	951
52	1387
52	441
52	1173
52	1409
52	179
52	1285
52	2066
52	1117
52	309
52	1139
52	2210
52	417
52	1761
1196	1886
1196	1649
2231	531
2002	1435
971	378
971	964
971	2424
971	1893
971	990
971	2413
971	1565
971	112
971	2063
971	155
971	757
971	472
971	1884
2267	41
2267	1303
2267	1904
2267	719
2267	1756
2267	653
2267	1565
2267	112
2267	1592
2267	978
2267	757
2267	44
2267	1858
229	1104
229	1589
229	2180
229	596
229	391
229	2229
229	2106
229	885
229	1340
229	1959
229	2135
229	2259
734	899
413	1467
413	2288
413	1933
1691	1719
1691	1831
84	1796
84	1444
84	1440
84	1886
84	541
84	298
84	807
84	1562
84	1562
84	1024
84	1681
84	779
84	59
84	643
84	643
84	970
84	416
84	1898
84	1820
84	1935
84	23
84	2406
84	246
84	246
84	951
84	2380
84	2384
84	2384
84	1649
84	190
84	282
84	245
84	2165
84	2228
84	1358
84	2338
84	623
84	2331
84	1744
84	464
84	759
84	1473
84	297
84	157
84	53
84	1269
84	47
84	1189
84	690
84	760
84	2282
84	7
690	2384
690	464
690	47
2213	1342
2213	1455
2213	1455
2213	2424
2213	2424
2213	1902
2213	2167
2213	226
2213	1646
2213	813
2213	813
2213	1535
2213	2276
2213	397
2213	298
2213	73
2213	523
2213	150
2213	1664
2213	787
2213	2352
2213	1531
2213	789
2213	1190
2213	2170
2213	1215
2213	426
2213	990
2213	990
2213	420
2213	643
2213	2049
2213	232
2213	1589
2213	416
2213	1393
2213	329
2213	1283
2213	2319
2213	1898
2213	1381
2213	2131
2213	2359
2213	246
2213	1850
2213	1191
2213	311
2213	1448
2213	1573
2213	2380
2213	2380
2213	2384
2213	245
2213	1071
2213	1974
2213	2165
2213	1309
2213	1735
2213	317
2213	69
2213	69
2213	1288
2213	391
2213	391
2213	442
2213	442
2213	2338
2213	623
2213	2331
2213	430
2213	430
2213	1676
2213	833
2213	759
2213	1394
2213	297
2213	2294
2213	5
2213	401
2213	1585
2213	1918
2213	53
2213	1398
2213	64
2213	1663
2213	47
2213	1994
2213	965
2213	1698
2213	704
2213	1483
2213	1901
2213	1845
2213	1185
2213	84
2213	1355
2213	1392
2213	1001
2213	2457
2213	1334
2213	169
2213	2284
2213	63
2213	1230
2213	1639
2213	144
2213	406
2213	406
2213	1989
1084	430
1084	1457
1084	495
1084	1185
925	1902
925	671
925	1751
925	246
925	1443
1329	2424
1329	1902
1329	450
903	707
903	226
903	226
903	2266
903	2108
903	1223
903	2076
903	1634
903	21
903	590
903	1589
903	1955
903	1462
903	531
903	47
903	340
903	1447
903	2443
903	1111
903	84
903	1761
1297	951
1595	2394
2296	555
2296	2284
2182	1824
2182	298
611	2027
2396	1741
2396	1059
2396	1880
2396	1080
2396	855
2396	899
1039	1455
1039	1589
1039	758
1039	2380
1039	1519
1039	1567
381	1567
1474	298
1474	2156
2427	816
2427	1434
2427	957
2427	246
2427	1375
2427	531
2427	687
1194	298
1194	2156
1749	2156
1749	1533
1749	2174
414	2320
1359	864
572	723
572	2320
572	2200
572	298
572	2040
572	1040
572	430
572	430
572	2107
1328	1120
1328	813
1328	1254
1328	1937
1328	1052
1328	1031
1328	430
1328	483
1328	1882
1328	838
1328	1663
1328	406
1328	919
372	2167
372	1052
372	2127
1885	854
2123	2227
2123	564
171	406
178	1249
831	2328
831	1455
831	308
831	571
831	2320
831	2320
831	298
831	298
831	320
831	886
831	944
831	99
831	1883
831	1283
831	375
831	1962
831	1575
831	1785
831	1486
831	1577
831	32
831	1629
831	2338
831	2338
831	2331
831	1816
831	1153
831	1908
831	1663
831	806
831	2349
831	2104
831	406
1651	1590
1651	886
1651	1869
1103	298
1103	320
1103	99
1103	1482
1103	546
1103	2349
715	298
715	1684
715	2341
715	369
2046	1923
2046	847
2046	2155
1256	864
1256	1485
1256	565
1256	876
1256	2430
1256	2115
1256	1788
1256	2282
1256	1225
1236	258
1367	2239
1718	1340
1718	1606
264	1759
1812	356
673	1693
2281	430
2281	1408
92	1649
92	1449
92	899
92	1272
212	1448
1500	1693
2282	1120
2282	518
2282	901
2282	1213
2282	2166
2282	819
2282	723
2282	1455
2282	2424
2282	2424
2282	632
2282	1029
2282	2113
2282	2167
2282	1164
2282	108
2282	1893
2282	2382
2282	1370
2282	813
2282	571
2282	1485
2282	421
2282	298
2282	298
2282	243
2282	385
2282	930
2282	296
2282	886
2282	2192
2282	812
2282	233
2282	233
2282	1903
2282	1531
2282	1531
2282	1099
2282	2277
2282	2291
2282	1312
2282	789
2282	1079
2282	1060
2282	1060
2282	990
2282	643
2282	1521
2282	1214
2282	2179
2282	2179
2282	1688
2282	710
2282	562
2282	1763
2282	653
2282	380
2282	183
2282	61
2282	649
2282	2446
2282	968
2282	1537
2282	1172
2282	69
2282	714
2282	1684
2282	1439
2282	1257
2282	2358
2282	391
2282	1899
2282	430
2282	1020
2282	859
2282	476
2282	1658
2282	1161
2282	880
2282	1585
2282	1499
2282	157
2282	1043
2282	2137
2282	1663
2282	1349
2282	1349
2282	1559
2282	1042
2282	2114
2282	1514
2282	1764
2282	1936
2282	1936
2282	9
2282	1703
2282	1929
2282	2213
2282	512
2282	372
2282	1392
2282	1385
2282	958
2282	1334
2282	2282
2282	1108
2282	254
2282	1225
2282	972
2282	1771
2282	406
2282	406
2282	1401
2282	1195
1495	1164
169	819
169	298
169	2379
169	117
169	1328
169	144
2421	723
2421	298
2421	1499
2421	1392
361	406
1599	1886
1599	875
1599	2236
1599	305
1599	648
1599	2090
995	1469
1554	547
1554	2277
1554	919
1823	2291
1823	1685
752	516
172	671
172	1031
2370	1775
1325	813
1325	298
1325	334
1325	2133
1325	1382
729	789
729	625
732	952
2284	39
2284	393
2284	1977
2284	1913
2284	2414
2284	2320
2284	366
2284	1597
2284	187
2284	1482
2284	1215
2284	766
2284	1589
2284	1688
2284	1935
2284	1122
2284	1673
2284	1285
2284	2056
2284	391
2284	1080
2284	1567
2284	46
2284	2280
2284	795
2284	1638
2284	516
2284	2124
2284	2457
2284	1617
2429	39
2429	1977
2429	2414
2429	2048
2429	366
2429	187
2429	1215
2429	766
2429	1589
2429	1688
2429	1935
2429	1122
2429	1673
2429	391
2429	1080
2429	1567
2429	46
2429	2280
2429	795
2429	1638
2429	516
2429	2124
972	1120
972	872
972	657
184	1824
260	41
260	1623
260	1827
260	964
260	456
260	1900
260	854
260	1991
260	2022
260	1024
260	812
260	2272
260	768
260	850
260	271
260	408
260	985
260	77
260	1898
260	907
260	1692
260	1690
260	992
260	1869
260	1869
260	47
260	126
260	1668
260	1340
260	806
260	262
260	1392
260	1392
260	1001
260	1596
260	773
874	41
874	1827
874	964
874	456
874	279
874	1900
874	854
874	1991
874	2022
874	812
874	532
874	2272
874	768
874	271
874	1898
874	907
874	1316
874	1692
874	472
874	1690
874	992
874	806
874	1392
874	1392
874	1001
874	1596
874	1385
874	773
144	708
144	1338
144	2320
144	840
144	1844
144	652
144	1222
144	1222
144	384
144	1922
144	1082
144	789
144	1391
144	649
144	1191
144	1861
144	1448
144	2380
144	2369
144	135
144	1453
144	2237
144	1801
2441	453
1515	522
1515	1824
1515	840
1515	618
1515	2272
1515	1354
1515	2319
1515	61
1515	1088
1515	1076
1515	1644
1515	406
1515	406
530	1369
530	1824
530	1174
530	864
530	1338
530	2021
530	432
530	2320
530	740
530	296
530	2275
530	768
530	16
530	789
530	1883
530	1102
530	450
530	61
530	784
530	190
530	1173
530	1449
530	1080
530	430
530	855
530	422
530	2064
530	1226
530	2101
530	1264
530	222
530	413
530	182
530	2274
530	1392
530	1385
530	1385
530	1981
530	144
530	406
1134	1445
1134	389
1497	894
1497	701
1497	819
1497	1804
1497	222
918	2244
918	1482
918	167
918	48
1298	1765
1298	143
1298	540
549	1883
1617	1120
1617	1120
1617	1623
1617	1791
1617	2382
1617	2256
1617	702
1617	2320
1617	1332
1617	915
1617	2272
1617	789
1617	2405
1617	187
1617	990
1617	1158
1617	1439
1617	1358
1617	1700
1617	855
1617	1784
1617	578
1617	1453
1617	1443
1617	1225
1432	2282
1481	489
1481	1827
1481	1406
1481	2054
1481	2039
1481	1562
1481	2334
1481	736
1481	235
1481	2272
1481	537
1481	1267
1481	789
1481	2080
1481	2405
1481	236
1481	990
1481	1345
1481	1151
1481	2285
1481	269
1481	1955
1481	167
1481	246
1481	246
1481	531
1481	1387
1481	2331
1481	430
1481	430
1481	1567
1481	2115
1481	1980
1481	2344
1481	909
1481	755
1481	1302
1481	831
1481	1334
1481	1334
1481	773
1481	2282
1481	2282
1481	2421
1481	1050
1481	1187
1985	913
663	1455
663	1777
663	969
663	602
663	2272
663	2288
433	298
529	544
529	298
529	1684
529	2282
2083	298
1734	2156
1734	1589
1734	430
1734	2330
1734	647
1734	486
1184	1902
1184	2320
1184	2320
1184	1728
1184	1245
1184	1086
1184	623
1184	878
1184	2107
1184	1017
654	2320
654	1728
654	1864
654	883
654	2107
654	919
94	518
94	298
94	669
94	1080
1989	652
1989	2459
1989	2319
1989	2319
1989	1448
1989	2380
1989	2161
1989	406
1239	406
252	518
252	969
252	864
746	2087
746	1388
746	1273
342	1328
1424	2380
2240	2417
2240	2345
175	416
175	1242
175	1870
175	919
1612	1761
1187	645
1128	41
1128	1819
817	2320
2060	26
2060	144
587	353
2386	813
2386	2192
2386	1161
2386	406
439	1662
1313	298
1313	840
1313	652
1313	2380
1313	430
62	976
62	1003
1032	2200
1032	1003
1032	2094
1032	1850
1032	1449
1032	1031
1032	430
1032	899
1032	2213
1032	1329
543	1449
1118	574
326	298
326	2345
1706	840
1873	449
1873	1075
1824	1435
1630	26
1630	554
1630	522
1630	1361
1630	1455
1630	298
1630	840
1630	779
1630	2050
1630	114
1630	1517
1630	202
1630	1015
1630	2188
1630	1521
1630	832
1630	1524
1630	2199
1630	2409
1630	765
1630	1898
1630	15
1630	1804
1630	464
1630	911
1630	2174
1630	116
1630	1722
1630	1574
1630	631
1630	1340
1630	9
1630	2132
1630	2155
1630	1644
1630	2457
1630	406
1221	840
1221	2156
1221	1751
1221	1310
642	1455
642	69
642	2172
642	620
642	1783
642	1291
642	613
642	793
642	1867
642	1286
642	999
642	2357
642	792
642	155
642	1048
642	275
642	494
642	383
642	406
642	1050
642	2145
642	1753
642	1320
642	1276
642	27
642	298
642	1589
642	1767
642	86
642	1805
642	310
642	457
642	1795
642	56
642	827
642	652
642	2115
642	1646
642	2014
642	1681
642	1935
642	24
642	1861
642	1731
642	951
642	2380
642	1622
642	813
1469	362
1469	1455
1469	69
1469	2352
1469	613
1469	793
1469	1867
1469	1286
1469	999
1469	2357
1469	792
1469	155
1469	1048
1469	620
1469	275
1469	494
1469	383
1469	406
1469	1050
1469	2145
1469	1753
1469	1320
1469	1276
1469	27
1469	298
1469	1589
1469	1767
1469	86
1469	1805
1469	310
1469	457
1469	1795
1469	56
1469	827
1469	652
1469	2115
1469	813
1572	1455
1572	69
1572	613
1572	793
1572	494
1572	383
1572	406
1572	1050
1572	2145
1572	1753
1572	1320
1572	1276
1572	27
1572	298
1572	1589
1572	1767
1572	86
1572	1805
1572	310
1572	457
1572	1795
1572	56
1572	827
1572	652
1572	2115
1572	813
723	2282
723	603
632	2266
632	2364
632	1191
632	24
632	1861
632	791
632	2380
1643	968
2404	620
14	1385
14	1404
1886	24
1886	1861
742	1120
742	1426
742	1899
742	625
742	1901
1963	1704
1024	519
1024	2283
1024	2308
1024	1888
1024	823
1024	1982
1024	1640
1024	2377
1024	697
1024	1546
1024	479
1024	2136
2418	2298
390	1140
390	1307
390	2011
390	2238
390	1156
390	933
390	1704
390	2128
390	1038
390	1654
390	1068
1104	1265
1104	1031
1104	1805
1104	1589
1104	1449
1104	1455
1104	69
1104	2393
1104	1146
1104	2159
1104	2415
1104	933
1104	1704
1104	2128
1104	1783
1104	1291
1104	613
1104	793
1104	1867
1104	1286
1104	999
1104	2357
1104	792
1104	155
1104	1048
1104	620
1104	275
1104	1175
1104	494
1104	383
1104	406
1104	1050
1104	2145
1104	1753
1104	1320
1104	1276
1104	27
1104	298
1104	1767
1104	86
1104	310
1104	457
1104	1795
1104	56
1104	827
1104	336
1104	519
1104	2283
1104	2308
1104	1888
1104	823
1104	1982
1104	1640
1104	2377
1104	697
1104	1546
1104	479
1104	2136
1104	652
1104	2115
1104	1157
1104	813
1768	1265
1768	1031
1768	1805
1768	1589
1768	1449
1768	1455
1768	69
1768	1783
1768	1291
1768	613
1768	793
1768	1867
1768	1286
1768	999
1768	2357
1768	792
1768	155
1768	1048
1768	620
1768	275
1768	494
1768	383
1768	406
1768	1050
1768	2145
1768	1753
1768	1320
1768	1276
1768	27
1768	298
1768	1767
1768	86
1768	310
1768	457
1768	1795
1768	56
1768	827
1768	652
1768	2115
1768	1157
1768	813
1011	1265
1011	1031
1011	1805
1011	1589
1011	1449
1011	1455
1011	69
1011	1783
1011	1291
1011	613
1011	793
1011	1867
1011	1286
1011	999
1011	2357
1011	792
1011	155
1011	1048
1011	620
1011	275
1011	494
1011	383
1011	406
1011	1050
1011	2145
1011	1753
1011	1320
1011	1276
1011	27
1011	298
1011	1767
1011	86
1011	310
1011	457
1011	1795
1011	56
1011	827
1011	652
1011	2115
1011	1157
1011	813
1465	1265
1465	1031
1465	1805
1465	1589
1465	1449
1465	1455
1465	69
1465	1783
1465	1291
1465	613
1465	793
1465	1867
1465	1286
1465	999
1465	2357
1465	792
1465	155
1465	1048
1465	620
1465	275
1465	494
1465	383
1465	406
1465	1050
1465	2145
1465	1753
1465	1320
1465	1276
1465	27
1465	298
1465	1767
1465	86
1465	310
1465	457
1465	1795
1465	56
1465	827
1465	652
1465	2115
1465	1157
1465	813
104	1265
104	1031
104	1805
104	1589
104	1449
104	1455
104	69
104	1783
104	1291
104	613
104	793
104	1867
104	1286
104	999
104	2357
104	792
104	155
104	1048
104	620
104	275
104	494
104	383
104	406
104	1050
104	2145
104	1753
104	1320
104	1276
104	27
104	298
104	1767
104	86
104	310
104	457
104	1795
104	56
104	827
104	652
104	2115
104	1157
104	813
2367	1265
2367	1031
2367	1805
2367	1589
2367	1449
2367	1455
2367	69
2367	1783
2367	1291
2367	613
2367	793
2367	1867
2367	1286
2367	999
2367	2357
2367	792
2367	155
2367	1048
2367	620
2367	275
2367	494
2367	383
2367	406
2367	1050
2367	2145
2367	1753
2367	1320
2367	1276
2367	27
2367	298
2367	1767
2367	86
2367	310
2367	457
2367	1795
2367	56
2367	827
2367	652
2367	2115
2367	1157
2367	813
1558	1265
1558	1805
1558	1589
1558	1449
1558	1455
1558	69
1558	1783
1558	1291
1558	613
1558	793
1558	1867
1558	1286
1558	999
1558	2357
1558	792
1558	155
1558	1048
1558	620
1558	275
1558	494
1558	383
1558	406
1558	1050
1558	2145
1558	1753
1558	1320
1558	1276
1558	27
1558	298
1558	1767
1558	86
1558	310
1558	457
1558	1795
1558	56
1558	827
1558	652
1558	2115
1558	1157
1558	813
736	1751
736	1031
736	26
736	554
736	522
736	1361
736	1455
736	298
736	840
736	779
736	2050
736	114
736	1517
736	202
736	1015
736	2188
736	1521
736	832
736	1524
736	2199
736	2409
736	765
736	1898
736	15
736	1804
736	464
736	911
736	2174
736	116
736	1722
736	1574
736	631
736	1340
736	9
736	2132
736	2155
736	1644
736	2457
736	406
736	1867
736	1286
736	999
736	2357
736	792
736	155
736	1048
736	620
736	275
736	2406
335	155
335	1048
335	620
335	1867
335	1286
335	999
335	2357
335	792
335	275
2192	813
2192	671
2192	1535
2192	430
2192	1104
2192	1449
2192	406
2277	864
2277	1405
2277	1263
2277	1214
2277	876
2277	2150
2277	969
1006	864
1006	1405
1006	1214
1006	876
2291	864
2291	1405
2291	1214
2291	876
1685	430
1685	1214
1685	876
1849	430
1849	1214
1849	876
789	47
1635	2014
1635	847
1635	135
617	1868
487	1868
600	886
600	728
600	1274
600	87
600	496
600	815
600	2292
600	845
2102	2450
2102	994
2102	813
2102	671
2102	1535
2102	1635
2102	1589
2102	436
2102	617
2102	2180
1708	1589
1708	1635
1708	617
1708	2180
394	1751
394	1031
394	26
394	554
394	522
394	1361
394	1455
394	298
394	840
394	779
394	2050
394	114
394	1517
394	202
394	1015
394	2188
394	1521
394	832
394	1524
394	2199
394	2409
394	765
394	1898
394	15
394	1804
394	464
394	911
394	2174
394	116
394	1722
394	1574
394	631
394	1340
394	9
394	2132
394	2155
394	1644
394	2457
394	406
394	1867
394	1286
394	999
394	2357
394	792
394	155
394	1048
394	620
394	275
394	2406
2080	1357
2080	401
2080	9
2080	2034
2080	1001
2080	1596
2080	1930
2080	406
2080	1050
2080	2145
2080	1753
1482	1455
1482	812
1482	1665
1482	846
1482	644
1482	359
1482	480
1482	1240
1482	861
1482	2165
1482	1376
1482	1939
1482	1951
1482	730
1482	2070
1482	1127
1482	693
1482	1414
1482	839
1482	1576
1482	1833
1482	307
1482	118
1482	1399
1482	1315
1482	209
1482	945
1482	477
1482	869
1482	341
1482	1219
1482	1095
1482	402
1482	1062
1482	2034
1482	2069
1482	708
1482	1430
1482	151
1482	813
1482	430
1482	573
1190	1455
1190	812
1190	1665
1190	846
1190	644
1190	359
1190	480
1190	1240
1190	861
1190	2165
1190	1376
1190	1939
1190	1951
1190	730
1190	2070
1190	1127
1190	693
1190	1414
1190	839
1190	1576
1190	1833
1190	307
1190	118
1190	1399
1190	1315
1190	209
1190	945
1190	477
1190	869
1190	341
1190	1219
1190	1095
1190	402
1190	1062
1190	2034
1190	813
1190	430
1190	573
1883	813
1883	397
1883	2358
1883	391
1883	2338
1883	401
1883	406
1883	1050
1883	2145
1883	2156
1883	1635
1883	617
1883	1589
1883	2180
1883	652
1883	1753
1853	1635
1853	617
1853	1589
1853	2180
1589	813
1589	397
1589	2358
1589	391
1589	2338
1589	401
1589	406
1589	1050
1589	2145
1589	1318
1589	990
1589	1868
1589	721
1589	2282
1589	2393
1589	1146
1589	2159
1589	2406
1589	2415
1589	589
1589	1796
1589	906
1589	2190
1589	206
1589	2014
1589	652
1589	24
1589	1861
1589	951
1589	2380
1589	1622
1589	2151
1589	246
1589	1909
1589	227
1589	1375
1589	1448
1589	2141
1589	531
1589	504
1589	1387
1589	2427
1589	2055
1589	1191
1589	1646
1589	522
1589	1545
1589	333
1589	1667
1589	643
1589	1357
1589	430
1589	573
1589	1753
1589	1277
1589	779
1589	1935
1589	1731
1589	2101
1589	1447
1589	139
1795	2393
1795	1146
1795	2159
1795	2406
1795	2415
1795	589
1795	2380
1795	1604
1795	1584
1795	899
1795	1272
1795	1589
2180	2393
2180	1146
2180	2159
2180	2406
2180	2415
2180	589
2180	2380
1878	2393
1878	1146
1878	2159
1878	2406
1878	2415
1878	589
408	472
408	2325
334	163
334	579
334	2357
334	155
334	1048
334	592
334	1977
334	1318
334	1902
334	1263
334	2325
334	2382
334	1370
334	1996
334	813
334	671
334	997
334	298
334	840
334	1751
334	2032
334	1868
334	628
334	365
334	792
334	256
334	726
334	905
334	2179
334	1855
334	895
334	1739
334	968
334	471
334	176
334	31
334	782
334	1496
334	2041
334	1638
334	704
334	2091
334	2383
334	2100
334	1867
334	1286
334	999
2133	1318
2133	592
2133	1977
2133	1902
2133	1263
2133	2325
2133	2382
2133	1370
2133	1996
2133	813
2133	671
2133	997
2133	298
2133	840
2133	1751
2133	2032
2133	1868
2133	628
2133	365
2133	2357
2133	792
2133	256
2133	726
2133	905
2133	2179
2133	1855
2133	895
2133	1739
2133	968
2133	155
2133	1048
2133	471
2133	176
2133	31
2133	782
2133	1496
2133	2041
2133	1638
2133	704
2133	2091
2133	2383
2133	2100
2133	886
2133	728
2133	1274
2133	87
2133	496
2133	815
2133	2292
2133	845
2133	960
1382	592
1382	1977
1382	1318
1382	1902
1382	1263
1382	2325
1382	2382
1382	1370
1382	1996
1382	813
1382	671
1382	997
1382	298
1382	840
1382	1751
1382	2032
1382	1868
1382	628
1382	365
1382	2357
1382	792
1382	256
1382	726
1382	905
1382	2179
1382	1855
1382	895
1382	1739
1382	968
1382	155
1382	1048
1382	471
1382	176
1382	31
1382	782
1382	1496
1382	2041
1382	1638
1382	704
1382	2091
1382	2383
706	592
706	1977
706	1318
706	1902
706	1263
706	2325
706	2382
706	1370
706	1996
706	813
706	671
706	997
706	298
706	840
706	1751
706	2032
706	1868
706	628
706	365
706	2357
706	792
706	256
706	726
706	905
706	2179
706	1855
706	895
706	1739
706	968
706	155
706	1048
706	471
706	176
706	31
706	782
706	1496
706	2041
706	1638
706	704
706	2091
706	2383
2151	2151
2151	1909
2151	227
2151	1375
2151	1448
2151	2141
2151	531
2151	504
2151	1387
2151	1336
2151	1068
2151	135
2363	1731
2363	34
2010	135
1509	135
1461	1541
1461	548
1461	322
1461	2130
1461	105
1461	82
1461	181
1461	1461
1461	526
1461	12
1461	1498
1461	506
1461	315
1461	10
1461	1757
1461	1920
1461	1129
1461	128
1461	771
1461	447
1461	1772
1461	1556
1461	1472
1461	2026
1461	239
1461	2024
1461	161
1461	2191
1461	2029
1461	1999
1461	1512
1461	428
526	1541
526	548
526	322
526	2130
526	105
526	82
526	181
526	1461
526	526
526	12
526	1498
526	506
526	315
526	10
526	1757
526	1920
526	1129
526	128
526	771
526	447
526	1772
526	1556
526	1472
526	2026
526	239
526	2024
526	161
526	2191
526	2029
526	1999
526	1512
526	428
12	1541
12	548
12	322
12	2130
12	105
12	82
12	181
12	1461
12	526
12	12
12	1498
12	506
12	315
12	10
12	1757
12	1920
12	1129
12	128
12	771
12	447
12	1772
12	1556
12	1472
12	2026
12	239
12	2024
12	161
12	2191
12	2029
12	1999
12	1512
12	428
180	24
180	1861
2084	24
2084	1861
1193	24
1193	1861
170	24
170	1861
1330	1589
455	1643
455	2023
455	109
455	1979
455	1926
1237	1643
1237	2023
1237	109
1237	1979
1237	1926
557	813
557	298
557	2405
557	430
557	626
330	813
330	298
330	2405
330	430
330	626
2310	813
2310	298
2310	2405
2310	430
2310	626
19	813
19	298
19	2405
19	430
19	626
1534	813
1534	298
1534	2405
1534	430
1534	626
2319	1357
2319	401
2319	9
2319	2034
2319	1001
2319	1596
2319	1930
2319	406
2319	1050
2319	2145
2319	26
2319	554
2319	522
2319	1361
2319	1455
2319	298
2319	840
2319	779
2319	2050
2319	114
2319	1517
2319	202
2319	1015
2319	2188
2319	1521
2319	832
2319	1524
2319	2199
2319	2409
2319	765
2319	1898
2319	15
2319	1804
2319	464
2319	911
2319	2174
2319	116
2319	1722
2319	1574
2319	631
2319	1340
2319	2132
2319	2155
2319	1644
2319	2457
2319	1263
2319	2298
2319	2330
2319	1545
2319	333
2319	1667
2319	643
2319	1753
2319	744
2319	2262
2319	1931
2319	446
2319	647
1526	298
409	298
1983	298
1602	298
174	298
935	298
2016	154
2016	653
2016	517
653	747
653	2195
653	2357
653	792
653	155
653	1048
1442	728
1442	1274
1442	87
1442	496
1442	815
1442	2292
246	1935
246	1171
246	1089
739	1143
709	1143
1909	1594
1909	908
227	1594
227	908
2164	1185
415	659
2384	24
2384	1861
2384	2406
2384	24
2384	1861
982	1886
982	875
982	2236
982	1681
982	1490
982	2406
982	173
982	23
982	1335
982	1988
982	1806
982	68
982	2059
982	498
982	879
982	1090
982	1598
982	1615
982	1503
982	2327
982	1505
982	419
982	424
982	246
982	1622
982	1563
982	2261
982	2183
982	1647
982	2122
982	230
982	1176
982	778
982	1737
982	1911
982	1569
982	615
982	863
2306	1622
2306	1796
2306	906
2306	2014
2306	652
2306	24
2306	1861
2306	951
2306	2380
1649	23
1649	1335
1649	1988
1649	1806
1649	68
1649	2059
1649	498
1649	879
1649	1090
1649	1598
1649	1615
1649	1503
1649	2327
1649	2406
1649	1505
1649	419
1649	424
1649	1681
1649	246
1649	1622
1649	1563
1649	2261
1649	2183
190	24
190	1861
2211	2248
2211	581
2211	81
2211	1025
2211	1571
2211	1563
2211	2261
2211	1649
2211	2001
2211	1394
2211	1087
2211	1081
2211	1319
2211	1101
2211	157
2211	1681
2211	1037
1066	813
1449	813
1449	671
1449	1535
1449	397
1449	1545
1449	2358
1449	391
1449	2338
1449	401
1449	406
1449	1050
1449	2145
1449	362
1449	1318
1449	990
1449	1868
1449	721
1449	2282
1449	2393
1449	1146
1449	2159
1449	2406
1449	2415
1449	589
1449	1796
1449	906
1449	2190
1449	206
1449	2014
1449	652
1449	24
1449	1861
1449	951
1449	2380
1449	1622
1449	2151
1449	246
1449	1909
1449	227
1449	1375
1449	1448
1449	2141
1449	531
1449	504
1449	1387
1449	2427
1449	2055
1449	1191
1449	1731
1449	1969
1449	1646
1449	779
1449	261
1449	1935
1449	1447
1449	1340
1449	1001
1449	1786
1449	139
1449	1753
1449	1604
1449	1584
1449	899
1449	1272
1449	1681
1449	442
1449	522
1449	333
1449	1667
1449	643
1449	1357
1449	1455
1449	1886
1449	2414
1449	727
1449	2337
1449	147
1449	208
1449	590
1449	1769
1449	92
1449	919
1449	430
1449	573
1449	1277
1449	2101
1071	2393
1071	1146
1071	2159
1071	2406
1071	2415
1071	589
1273	2393
1273	1146
1273	2159
1273	2406
1273	2415
1273	589
1273	2380
1273	2113
1273	332
1273	524
295	813
295	430
295	573
191	1783
2194	1783
1835	298
1314	298
622	298
968	2260
968	464
968	911
968	1732
968	1938
968	1091
968	1829
968	934
968	2302
968	1206
968	443
968	2035
968	678
968	1299
968	2008
968	2163
968	562
968	1793
968	2389
968	1898
968	515
968	1917
968	2251
968	203
968	1961
968	490
968	1057
968	1786
968	1958
968	1229
117	192
513	840
513	2156
513	1751
513	1310
1733	840
1733	2156
1733	1751
1733	1310
2125	2167
2125	813
2125	671
2125	1535
2125	2180
2125	1449
2125	1031
2125	442
2125	430
2125	573
2125	772
2125	1343
2125	2450
2125	2187
2125	555
2125	192
1336	2141
1336	531
1336	504
484	613
484	472
675	135
321	2151
321	531
321	2427
321	557
321	303
321	1069
321	923
321	330
321	2184
321	177
321	2310
321	19
321	1534
639	2151
639	531
639	2427
639	557
639	303
639	1069
639	923
639	330
639	2184
639	177
639	2310
639	19
639	1534
2243	2151
2243	531
2243	2427
2243	557
2243	303
2243	1069
2243	923
2243	330
2243	2184
2243	177
2243	2310
2243	19
2243	1534
1285	813
1285	397
1285	1455
1285	1635
1285	1066
1285	298
1285	2102
1285	1589
1285	1449
1285	1979
1285	47
1285	391
1285	2338
1285	2260
1285	406
1285	1050
1285	2145
1285	1753
1285	310
1285	652
1285	24
1285	1861
1285	936
1285	1731
1285	951
1285	791
1285	2380
1285	464
1285	1622
1285	2229
1285	724
1285	88
1285	223
1285	1317
1285	221
1285	1202
1285	1780
1285	325
1881	1731
1881	951
1881	2380
1881	1622
1881	652
1881	24
1881	1861
1881	936
1881	791
1881	464
1881	88
1881	223
1881	1317
1881	221
1881	1202
1881	1780
1881	325
1379	1545
1379	1516
1379	1038
1379	1068
1379	652
1379	24
1379	1861
1379	464
1379	936
1379	1731
1379	951
1379	791
1379	2380
1379	1622
1041	1545
1041	1516
1041	1038
1041	1068
1041	652
1041	24
1041	1861
1041	464
1041	936
1041	1731
1041	951
1041	791
1041	2380
1041	1622
1561	1545
1561	1516
1561	1038
1561	1068
1561	652
1561	24
1561	1861
1561	464
1561	936
1561	1731
1561	951
1561	791
1561	2380
1561	1622
1419	1545
1419	1516
1419	1038
1419	1068
1419	652
1419	24
1419	1861
1419	464
1419	936
1419	1731
1419	951
1419	791
1419	2380
1419	1622
2056	813
2056	397
2056	1455
2056	1635
2056	1066
2056	298
2056	2102
2056	1589
2056	1449
2056	1979
2056	47
2056	391
2056	2338
2056	2260
2056	406
2056	1050
2056	2145
2056	1753
2056	310
2056	652
2056	24
2056	1861
2056	936
2056	1731
2056	951
2056	791
2056	2380
2056	464
2056	1622
2056	2229
2056	724
2056	88
2056	223
2056	1317
2056	221
2056	1202
2056	1780
2056	325
1944	813
1944	2102
1944	1589
1944	1449
1944	1979
1944	47
1205	1731
1205	951
1205	2380
1205	1622
1205	652
1205	24
1205	1861
1205	936
1205	791
1205	464
1205	88
1205	223
1205	1317
1205	221
1205	1202
1205	1780
1205	325
2112	1731
2112	951
2112	2380
2112	1622
2112	652
2112	24
2112	1861
2112	936
2112	791
2112	464
2112	88
2112	223
2112	1317
2112	221
2112	1202
2112	1780
2112	325
705	813
705	397
705	2200
705	2365
705	915
1684	24
1684	1861
2023	968
2023	485
109	968
1979	968
1979	485
1926	968
1926	485
914	840
914	2156
914	1751
914	1310
1031	1247
1031	2186
1031	1018
2346	545
2346	747
614	545
614	747
1862	545
1862	747
2110	1516
2110	1038
2110	1068
430	813
430	397
430	2200
430	2365
430	2358
430	391
430	2338
430	401
430	406
430	1050
430	2145
430	671
430	1392
430	915
430	652
430	1753
430	715
430	1142
430	608
430	1524
430	2199
430	2409
430	765
430	15
430	2262
430	1931
430	446
430	647
430	2387
430	9
430	2195
1946	1545
1946	333
1946	1667
1946	652
1946	24
1946	1861
1946	951
1946	2380
1946	1622
1946	23
1946	1335
1946	1988
1946	1806
1946	68
1946	2059
1946	498
1946	879
1946	1090
1946	1598
1946	1615
1946	1503
1946	2327
1946	2406
754	2113
754	332
754	524
1676	2107
1676	1953
2219	1455
2219	812
2219	1665
2219	846
2219	644
2219	359
2219	480
2219	1240
2219	861
2219	2165
2219	1376
2219	1939
2219	1951
2219	730
2219	2070
2219	1127
2219	693
2219	1414
2219	839
2219	1576
2219	1833
2219	307
2219	118
2219	1399
2219	1315
2219	209
2219	945
2219	477
2219	869
2219	341
2219	1219
2219	1095
2219	402
2219	1062
2219	2034
2219	813
2219	430
2219	573
1891	1455
1891	812
1891	1665
1891	846
1891	644
1891	359
1891	480
1891	1240
1891	861
1891	2165
1891	1376
1891	1939
1891	1951
1891	730
1891	2070
1891	1127
1891	693
1891	1414
1891	839
1891	1576
1891	1833
1891	307
1891	118
1891	1399
1891	1315
1891	209
1891	945
1891	477
1891	869
1891	341
1891	1219
1891	1095
1891	402
1891	1062
1891	2034
1896	1455
1896	812
1896	1665
1896	846
1896	644
1896	359
1896	480
1896	1240
1896	861
1896	2165
1896	1376
1896	1939
1896	1951
1896	730
1896	2070
1896	1127
1896	693
1896	1414
1896	839
1896	1576
1896	1833
1896	307
1896	118
1896	1399
1896	1315
1896	209
1896	945
1896	477
1896	869
1896	341
1896	1219
1896	1095
1896	402
1896	1062
1896	2034
1896	813
1896	430
1896	573
1642	77
1642	753
1642	613
1872	1642
1872	1322
1872	1564
1872	1923
589	38
589	48
589	1518
589	1215
589	2393
589	1146
589	2159
589	2415
589	617
589	487
589	1191
589	2248
589	1448
589	47
589	2151
589	246
589	1909
589	227
589	1375
589	2141
589	531
589	504
589	1387
589	2427
589	2177
589	1539
589	1573
589	558
589	397
589	2055
589	1622
589	1125
589	1874
589	652
589	1545
589	333
589	1667
589	643
713	38
713	48
713	1518
713	47
713	617
713	487
713	1191
713	2248
713	1448
713	2151
713	246
713	1909
713	227
713	1375
713	2141
713	531
713	504
713	1387
713	2427
713	2177
713	1539
713	1573
713	558
713	397
713	2055
713	1622
713	1125
713	1874
713	652
713	1545
713	333
713	1667
713	643
2286	38
2286	48
2286	1518
2286	617
2286	487
2286	1191
2286	2248
2286	1448
2286	47
2286	2151
2286	246
2286	1909
2286	227
2286	1375
2286	2141
2286	531
2286	504
2286	1387
2286	2427
2286	2177
2286	1539
2286	1573
2286	558
2286	397
2286	2055
2286	1622
2286	1125
2286	1874
2286	652
2286	1545
2286	333
2286	1667
2286	643
224	38
224	48
224	1518
224	617
224	487
224	1191
224	2248
224	1448
224	47
224	1125
224	1874
224	1622
224	652
224	1545
224	333
224	1667
224	643
1352	1938
1352	1091
1352	1829
1352	934
1352	2302
1352	1206
1352	443
1352	2035
1352	678
1352	1299
1352	2008
1352	2163
1352	562
1352	1793
1352	2389
1352	1898
1352	515
1352	1917
1352	2251
1352	1961
1352	2388
1352	503
1352	438
1352	1732
1352	911
1352	203
1352	490
1352	1057
1352	1786
1352	1958
1352	1229
899	1455
899	2424
899	2450
899	994
899	2014
899	813
899	1545
899	464
899	401
899	47
899	1185
899	1259
899	1713
899	2169
899	2028
899	1368
899	361
899	406
899	1050
899	2145
899	436
899	951
899	2380
899	1622
899	1369
899	1964
899	2190
899	206
899	2269
899	333
899	652
899	1855
899	626
899	1689
899	2229
899	92
899	139
899	2319
899	1080
899	2167
899	2179
899	895
899	1994
899	2406
899	589
899	1796
899	906
899	24
899	1861
899	1681
899	23
899	1335
899	1988
899	1806
899	68
899	2059
899	498
899	879
899	1090
899	1598
899	1615
899	1503
899	2327
899	1505
899	419
899	424
899	2266
899	2364
899	1191
899	791
899	2151
899	246
899	1909
899	227
899	1375
899	1448
899	2141
899	531
899	504
899	1387
899	2427
899	397
899	2055
899	391
899	2338
899	1753
899	1731
899	1969
899	1646
899	779
899	261
899	1935
899	1447
899	1340
899	1786
899	505
899	1699
899	1879
899	2142
899	936
899	2183
899	2458
899	882
899	1667
899	643
899	1886
899	2414
899	727
899	2337
899	147
899	208
899	590
899	1769
899	919
899	1277
899	2101
899	1357
626	1455
626	2424
626	2450
626	994
626	813
626	464
626	47
626	1259
626	1713
626	2169
626	2028
626	1368
626	361
626	436
626	1696
626	576
626	605
626	2168
626	1935
626	2209
626	2406
626	589
626	2055
626	2183
626	2458
626	1448
626	2141
626	2380
626	882
626	1886
626	2414
626	727
626	2337
626	147
626	208
626	590
626	1769
626	92
626	919
626	505
626	1699
423	2073
423	66
423	1021
423	1725
423	1392
2222	336
2222	519
2222	2283
2222	2308
2222	1888
2222	823
2222	1982
2222	1640
2222	2377
2222	697
2222	1546
2222	479
2222	2136
292	336
292	519
292	2283
292	2308
292	1888
292	823
292	1982
292	1640
292	2377
292	697
292	1546
292	479
292	2136
1400	336
1400	519
1400	2283
1400	2308
1400	1888
1400	823
1400	1982
1400	1640
1400	2377
1400	697
1400	1546
1400	479
1400	2136
1322	77
1322	753
1322	613
2073	557
2073	303
2073	1069
2073	923
2073	330
2073	2184
2073	177
2073	2310
2073	19
2073	1534
2073	2405
2073	717
66	557
66	303
66	1069
66	923
66	330
66	2184
66	177
66	2310
66	19
66	1534
66	2405
66	717
1021	557
1021	303
1021	1069
1021	923
1021	330
1021	2184
1021	177
1021	2310
1021	19
1021	1534
1021	2405
1021	717
1725	557
1725	303
1725	1069
1725	923
1725	330
1725	2184
1725	177
1725	2310
1725	19
1725	1534
1725	2405
1725	717
1544	1140
1544	1307
1544	2011
1544	2238
1544	1156
1544	933
1544	1704
1544	2128
1544	1038
1544	1654
1544	1068
2063	1922
2063	818
2063	1411
2063	672
2063	407
2063	1789
2078	971
2078	813
2078	397
2078	430
1473	1968
1473	158
1473	1351
1473	2063
1473	750
1473	1948
1687	1525
1687	214
1687	520
1687	2411
1687	1124
1687	683
1687	106
1687	460
1687	1085
1687	217
1687	1301
1687	927
1687	961
1687	1243
1687	2149
1966	494
1966	383
1966	1320
1966	1276
1966	27
1966	86
2397	494
2397	383
2397	2
2042	1320
2042	1276
2042	27
2042	383
29	1231
29	1872
29	472
1923	77
1923	753
1923	613
1923	472
996	793
71	1320
71	1276
71	27
71	383
472	653
472	613
472	821
472	65
1095	1767
1095	10
1095	1472
1508	1751
1295	1751
1585	1751
776	1751
355	2319
355	692
2033	2319
2033	692
1228	2319
1228	692
1752	2319
1752	692
616	2319
616	692
136	2319
136	692
157	2150
157	295
157	1964
157	807
157	430
157	402
157	663
2107	192
1953	192
53	2189
53	601
53	2376
53	20
53	237
53	954
53	1928
53	1055
53	566
53	1494
53	301
53	1360
53	1347
53	964
53	2052
53	1867
53	1286
53	999
53	75
53	2247
53	2390
53	1922
53	98
53	695
53	1371
53	1701
53	2074
53	115
53	556
53	1800
53	2078
53	1894
53	1552
53	1884
53	1063
53	822
53	1528
53	1783
53	1150
53	1632
53	2357
53	792
53	155
53	1048
53	813
53	397
53	430
573	1984
573	2376
573	20
573	237
573	301
573	1867
573	1286
573	999
573	304
573	1122
573	556
573	942
573	560
573	1783
872	954
872	1928
872	1055
872	566
872	1494
872	1590
872	301
872	1680
872	1130
872	1867
872	1286
872	999
872	1717
872	195
872	2232
872	703
872	556
872	2358
872	2078
872	2332
872	155
872	1048
872	54
872	1552
872	1884
872	822
872	1528
872	2241
872	1783
872	1150
872	1632
872	2098
872	18
872	502
872	1589
620	300
620	873
620	2095
620	1783
620	1867
620	1286
620	999
620	2357
620	792
620	155
620	1048
928	968
928	54
928	620
928	1971
928	327
1755	968
1755	54
1755	620
1755	1971
1755	327
834	968
834	54
834	620
834	1971
834	327
660	968
660	54
660	620
660	1971
660	327
868	162
868	2264
868	2255
868	1276
868	768
868	1962
868	963
868	1633
868	1807
868	1955
868	383
868	2397
35	162
35	2264
35	2255
35	1276
35	768
35	1962
35	963
35	1633
35	1807
35	1955
35	383
35	2397
458	162
458	2264
458	2255
458	1276
458	768
458	1962
458	963
458	1633
458	1807
458	1955
458	383
458	2397
2075	968
2075	54
2075	620
2075	1971
2075	327
1694	968
1694	54
1694	620
1694	1971
1694	327
58	968
58	54
58	620
58	1971
58	327
466	1375
466	531
891	2073
891	66
891	1021
891	1725
402	2150
402	295
402	1235
402	1964
402	807
402	986
402	430
402	402
402	663
2356	840
2356	2156
2356	1751
2356	1310
1720	430
1638	430
1344	557
1344	330
1344	250
1344	2151
1344	531
1344	2427
1344	303
1344	1069
1344	923
1344	2184
1344	177
1344	2310
1344	19
1344	1534
1344	2040
1344	590
1344	430
1344	2348
650	557
650	330
650	250
650	2151
650	531
650	2427
650	303
650	1069
650	923
650	2184
650	177
650	2310
650	19
650	1534
650	2040
650	590
650	430
650	2348
1272	1455
1272	2424
1272	2450
1272	994
1272	2014
1272	813
1272	1545
1272	464
1272	401
1272	47
1272	1185
1272	1259
1272	1713
1272	2169
1272	2028
1272	1368
1272	361
1272	406
1272	1050
1272	2145
1272	436
1272	951
1272	2380
1272	1622
1272	1369
1272	1964
1272	2190
1272	206
1272	333
1272	652
1272	1855
1272	626
1272	1689
1272	2229
1272	92
1272	139
1272	2319
1272	1263
1272	1080
1272	2167
1272	2269
1272	2179
1272	895
1272	1994
1272	2406
1272	589
1272	1796
1272	906
1272	24
1272	1861
1272	1681
1272	23
1272	1335
1272	1988
1272	1806
1272	68
1272	2059
1272	498
1272	879
1272	1090
1272	1598
1272	1615
1272	1503
1272	2327
1272	1505
1272	419
1272	424
1272	1191
1272	791
1272	2151
1272	246
1272	1909
1272	227
1272	1375
1272	1448
1272	2141
1272	531
1272	504
1272	1387
1272	2427
1272	397
1272	2055
1272	391
1272	2338
1272	1753
1272	1731
1272	1969
1272	1646
1272	779
1272	261
1272	1935
1272	1447
1272	1340
1272	1786
1272	505
1272	1699
1272	1879
1272	2142
1272	936
1272	2183
1272	2458
1272	882
1272	1667
1272	643
1272	1886
1272	2414
1272	727
1272	2337
1272	147
1272	208
1272	590
1272	1769
1272	919
1272	1277
1272	2101
1272	1357
145	1696
145	576
145	605
145	2168
145	1935
145	2209
145	2406
145	589
145	24
145	1861
145	951
145	2424
145	2055
145	2183
145	2458
145	1448
145	2141
145	2380
145	882
145	436
145	1455
145	1886
145	2414
145	727
145	2337
145	147
145	208
145	590
145	1769
145	92
145	919
1620	336
1620	519
1620	2283
1620	2308
1620	1888
1620	823
1620	1982
1620	1640
1620	2377
1620	697
1620	1546
1620	479
1620	2136
1390	336
1390	519
1390	2283
1390	2308
1390	1888
1390	823
1390	1982
1390	1640
1390	2377
1390	697
1390	1546
1390	479
1390	2136
1380	336
1380	519
1380	2283
1380	2308
1380	1888
1380	823
1380	1982
1380	1640
1380	2377
1380	697
1380	1546
1380	479
1380	2136
1038	2177
1038	1539
1038	1573
1038	558
1068	2177
1068	1539
1068	1573
1068	558
2103	2172
2103	1783
1542	430
1693	295
1693	1068
1459	295
516	1358
101	2189
101	1984
101	601
101	2376
101	20
101	237
101	954
101	1928
101	1055
101	566
101	1494
101	1590
101	301
101	1360
101	1347
101	964
101	2052
101	1680
101	1130
101	1867
101	1286
101	999
101	75
101	1717
101	2247
101	2390
101	1922
101	98
101	695
101	1371
101	1701
101	304
101	195
101	2074
101	2232
101	703
101	115
101	1122
101	556
101	1800
101	2358
101	2078
101	2332
101	155
101	1048
101	942
101	54
101	1894
101	1552
101	1884
101	1063
101	822
101	1528
101	2241
101	560
101	1783
101	1150
101	1632
101	2098
101	18
101	502
101	1235
101	971
101	813
101	397
101	430
78	2189
78	1984
78	601
78	2376
78	20
78	237
78	954
78	1928
78	1055
78	566
78	1494
78	1590
78	301
78	1360
78	1347
78	964
78	2052
78	1680
78	1130
78	1867
78	1286
78	999
78	75
78	1717
78	2247
78	2390
78	1922
78	98
78	695
78	1371
78	1701
78	304
78	195
78	2074
78	2232
78	703
78	115
78	1122
78	556
78	1800
78	2358
78	2078
78	2332
78	155
78	1048
78	942
78	54
78	1894
78	1552
78	1884
78	1063
78	822
78	1528
78	2241
78	560
78	1783
78	1150
78	1632
78	2098
78	18
78	502
78	1235
1488	2189
1488	1984
1488	601
1488	2376
1488	20
1488	237
1488	954
1488	1928
1488	1055
1488	566
1488	1494
1488	1590
1488	301
1488	1360
1488	1347
1488	964
1488	2052
1488	1680
1488	1130
1488	1867
1488	1286
1488	999
1488	75
1488	1717
1488	2247
1488	2390
1488	1922
1488	98
1488	695
1488	1371
1488	1701
1488	304
1488	195
1488	2074
1488	2232
1488	703
1488	115
1488	1122
1488	556
1488	1800
1488	2358
1488	2078
1488	2332
1488	155
1488	1048
1488	942
1488	54
1488	1894
1488	1552
1488	1884
1488	1063
1488	822
1488	1528
1488	2241
1488	560
1488	1783
1488	1150
1488	1632
1488	2098
1488	18
1488	502
1488	1235
133	1589
2018	2094
2018	2379
2018	1637
2018	1511
2018	536
1094	298
1094	1751
1094	430
1094	1078
1094	553
1094	2320
1094	1971
1094	327
1094	1340
1094	1155
1094	1235
1094	1909
1094	1603
1094	1038
1094	1068
1094	2076
1094	1634
1094	1027
1094	1109
1094	2221
1094	1197
1094	1014
1094	955
1094	1762
1094	430
222	298
222	1751
222	430
222	1078
222	553
222	2320
222	1971
222	327
222	1340
222	1155
222	1235
222	1909
222	1603
222	1038
222	1068
222	2076
222	1634
222	1027
222	1109
222	2221
222	1197
222	1014
222	955
222	1762
222	430
798	298
798	1751
798	2094
798	2379
798	1637
798	1511
798	430
798	1078
798	1340
798	1155
798	1235
798	1909
798	1603
798	1038
798	1068
749	2094
749	2379
749	1637
749	1511
749	536
2368	2094
2368	2379
2368	1637
2368	1511
2368	536
1023	2424
1023	813
1023	671
1023	1535
1023	430
1023	2333
1023	770
1023	1655
1023	1656
1023	1016
1023	1848
1536	2424
1536	813
1536	671
1536	1535
1536	430
1536	2333
1536	770
1536	1655
1536	1656
1536	1016
1536	1848
192	1676
2288	1369
468	1751
468	2298
468	1320
468	1276
468	27
468	383
468	135
468	813
468	430
468	573
52	1635
52	617
52	1589
52	2180
52	1338
52	828
52	441
971	1625
971	2313
971	1552
971	1884
971	545
229	1589
229	1635
229	617
229	2180
84	813
84	671
84	1535
84	1681
84	1490
84	430
84	401
84	1918
84	1845
84	2019
84	1185
84	1803
84	2449
84	1523
84	406
84	1050
84	2145
84	81
84	1284
84	173
84	2248
84	1346
84	1455
84	2424
84	298
84	150
84	1393
84	69
84	225
84	246
84	1909
84	227
84	2427
84	1148
84	2278
84	1482
84	1190
84	77
84	613
84	2384
84	1859
84	346
84	2195
84	201
84	1767
84	2076
84	1634
84	519
84	2283
84	2308
84	1888
84	823
84	1982
84	1640
84	2377
84	697
84	1546
84	479
84	2136
84	24
84	1861
84	464
84	2336
84	1024
84	1946
84	1037
84	2001
84	451
84	1649
84	1394
84	1087
84	1081
84	1753
690	813
690	671
690	1535
690	430
690	1918
690	1845
690	2019
690	1185
690	1803
690	2449
690	1523
690	81
690	1284
690	2248
690	1346
690	1455
690	2424
690	298
690	150
690	1393
690	69
690	225
690	1946
690	1037
690	2001
690	451
690	1681
690	1649
690	1394
690	1087
690	1081
2213	813
2213	671
2213	1535
2213	1867
2213	1286
2213	999
2213	430
2213	401
2213	1918
2213	2057
2213	620
2213	1845
2213	2019
2213	1185
2213	1803
2213	2449
2213	1523
2213	406
2213	1050
2213	2145
2213	2319
2213	81
2213	1284
2213	117
2213	1346
2213	1455
2213	2424
2213	298
2213	150
2213	1393
2213	69
2213	225
2213	1909
2213	2177
2213	1539
2213	1573
2213	558
2213	1603
2213	1038
2213	1068
2213	1148
2213	2278
2213	1482
2213	1190
2213	77
2213	613
2213	2384
2213	1859
2213	346
2213	2195
2213	201
2213	1767
2213	2076
2213	1634
2213	589
2213	24
2213	1861
2213	47
2213	1753
1084	813
1084	671
1084	1535
1084	430
1084	1918
1084	1845
1084	2019
1084	1185
1084	1803
1084	2449
1084	1523
1084	81
1084	1284
1084	1346
1084	1455
1084	2424
1084	298
1084	150
1084	1393
1084	69
1084	225
1084	246
1084	1909
1084	227
1084	2427
1084	1448
925	2424
925	813
925	671
925	1535
925	430
925	1918
925	2057
925	1845
925	2019
925	1185
925	1803
925	2449
925	1523
925	81
925	1284
925	1346
925	1455
925	298
925	150
925	1393
925	69
925	225
925	2151
925	1448
925	2141
925	531
925	504
925	1235
925	1148
925	2278
925	1482
925	1190
925	77
925	613
925	2384
925	1859
925	346
925	2195
925	201
925	1767
1329	2424
1329	813
1329	671
1329	1535
1329	430
1329	1918
1329	2057
1329	1845
1329	2019
1329	1185
1329	1803
1329	2449
1329	1523
1329	81
1329	1284
1329	1346
1329	1455
1329	298
1329	150
1329	1393
1329	69
1329	225
1329	2151
1329	1448
1329	2141
1329	531
1329	504
1329	1235
1329	1148
1329	2278
1329	1482
1329	1190
1329	77
1329	613
1329	2384
1329	1859
1329	346
1329	2195
1329	201
1329	1767
903	813
903	671
903	1535
903	430
903	1918
903	1845
903	2019
903	1185
903	1803
903	2449
903	1523
903	81
903	1284
903	1346
903	1455
903	2424
903	298
903	150
903	1393
903	69
903	225
903	2151
903	1448
903	2141
903	531
903	504
903	1191
2427	2151
2427	246
2427	1909
2427	227
2427	531
2427	1387
1194	1676
572	764
572	819
572	1310
572	1742
572	2193
2442	2167
2442	813
2442	671
2442	1535
2442	2180
2442	1449
2442	1031
2442	442
2442	430
2442	573
2442	772
2442	1343
2442	2450
2442	2187
2442	555
2442	192
137	2167
137	813
137	671
137	1535
137	2180
137	1449
137	1031
137	442
137	430
137	573
137	772
137	1343
137	2450
137	2187
137	555
137	192
372	2167
372	813
372	671
372	1535
372	2180
372	1449
372	1031
372	442
372	430
372	573
372	772
372	1343
372	2450
372	2187
372	555
372	192
2123	772
2123	1343
2123	2450
2123	2167
2123	813
2123	671
2123	1535
2123	526
2123	430
2123	2187
2123	555
2123	192
884	772
884	1343
884	2450
884	2167
884	813
884	671
884	1535
884	526
884	430
884	2187
884	555
884	192
1275	772
1275	1343
1275	2450
1275	2167
1275	813
1275	671
1275	1535
1275	526
1275	430
1275	2187
1275	555
1275	192
171	772
171	1343
171	2450
171	2167
171	813
171	671
171	1535
171	526
171	430
171	2187
171	555
171	192
1256	864
1256	1405
1256	430
751	864
751	1405
751	430
264	216
264	548
264	2192
264	1501
264	2073
264	66
264	1021
264	1725
264	2185
264	1472
1812	216
1812	813
1812	2192
1812	2363
1812	2319
1812	430
1812	1501
1812	2185
1812	1125
1812	1472
302	1646
302	2014
302	2406
328	1861
328	57
328	1622
1761	1861
1761	57
1761	1622
1622	1935
1622	1447
1622	139
2282	819
2282	1012
2282	997
2282	571
2282	298
2282	1903
2282	1906
2282	990
2282	2179
2282	1855
2282	895
2282	508
2282	649
2282	880
2282	1499
2282	947
2282	1663
2282	1697
2282	11
2282	599
2282	1159
2282	696
2282	1340
2282	2088
2282	535
2282	2044
2282	1764
2282	2217
2282	2375
2282	1278
2282	1385
2282	1334
2282	1108
2282	2421
2282	85
2282	1402
2282	701
2282	723
2282	238
2282	941
2282	1636
2282	1106
2282	1936
2282	2298
2282	637
2282	1777
2282	958
2282	603
2282	799
2282	1856
2282	2109
2282	840
2282	1945
2421	723
1666	793
732	793
2284	344
2429	344
1397	652
1460	652
144	135
144	708
144	1430
144	151
144	2069
144	129
144	638
144	1374
1933	840
1933	2156
1933	1751
1933	1310
377	840
377	2156
377	1751
377	1310
1497	518
1497	2401
1497	723
1497	2167
1497	420
1497	526
1497	1409
1497	1340
1497	1155
918	1963
2148	518
2148	2401
2148	772
2148	1343
2148	723
2148	2450
2148	2167
2148	813
2148	671
2148	1535
2148	420
2148	526
2148	2094
2148	2379
2148	1409
2148	430
2148	2187
2148	1340
2148	1155
2148	555
2148	192
663	2150
663	295
663	986
433	1751
