2460	304
2460	1215
362	304
362	1921
362	718
362	833
362	939
362	2119
362	826
362	2035
362	2035
362	1219
362	1311
568	145
568	577
568	1263
568	1293
568	1293
568	1243
568	1196
568	1094
568	1111
568	2404
642	568
642	2226
642	241
642	112
642	1585
1437	1993
1753	1660
1160	1325
1160	1174
1160	1058
1160	1215
1160	29
1160	759
1160	213
1160	824
406	603
406	2030
406	2053
406	619
406	1490
406	1955
406	535
1834	1363
1834	2224
1834	1325
1834	1325
1834	825
1834	272
1834	1117
1834	1575
1834	1527
1834	348
1834	99
1834	1880
1834	1527
1834	939
1834	939
1834	2054
1834	1416
1834	1802
1834	1948
1834	1404
1834	394
1834	1316
1834	158
1834	24
1834	386
1834	1290
1834	2035
1834	1877
1834	766
1834	1327
1834	1327
1834	2144
1834	1907
1834	619
1834	1773
1834	2351
1834	1967
1834	1926
1834	213
1834	1955
1834	284
1834	2345
1834	1641
1834	2064
1834	480
1834	2116
1834	1737
1834	471
1834	1667
1834	690
1834	79
1834	1758
1834	2197
1834	439
768	1292
1355	577
1355	512
1355	920
1355	1293
1355	1243
1355	1048
1355	1868
1355	399
1355	2035
1121	1128
1121	38
1121	884
1121	2051
1121	1089
1121	113
86	563
1274	591
1274	1779
1274	1294
1274	1021
917	1104
917	3
917	1800
917	1800
917	1205
917	1301
917	2183
917	1996
917	1373
917	346
765	637
765	1629
765	635
765	1952
765	1925
765	660
765	2426
765	2035
765	307
765	1712
765	935
765	487
765	194
765	1955
765	507
765	747
765	346
765	2385
1629	1574
1629	28
1629	195
1629	1992
1629	1049
1629	974
1629	660
1629	1040
1629	307
1629	32
1006	1041
1006	195
1006	1629
1006	131
1006	1935
1006	1019
1006	1992
1006	1805
1006	1627
1006	1614
1006	531
1006	1165
1006	105
1006	1406
1006	2145
1006	1301
1006	267
1006	2007
1006	907
1006	1429
1006	359
1006	359
1006	184
1006	425
1006	690
1835	1921
1835	687
1835	819
1835	2261
1835	974
818	458
818	2096
818	1081
818	498
818	1277
818	1115
818	1686
818	2398
1884	863
1450	304
1450	1921
1450	8
1450	8
1450	855
1450	80
1450	653
1450	781
1450	2356
1450	1351
1450	1315
1450	207
1450	207
1450	800
1450	2149
1450	1418
1450	877
1450	690
1936	1377
1936	2299
291	2346
291	2205
1526	386
1526	386
1526	2238
678	384
1252	340
847	449
186	468
186	1404
186	619
718	1913
718	718
718	833
718	883
718	939
718	1425
718	1455
718	508
718	140
718	1221
718	2216
718	1215
718	619
718	201
718	769
718	384
912	635
912	231
1808	1691
47	620
47	168
47	1450
47	142
47	939
47	654
47	814
47	1664
47	1239
47	1150
47	1992
47	1831
47	1404
47	394
47	340
47	124
47	2014
47	1145
47	781
47	781
47	1459
47	899
47	105
47	2276
47	59
47	2145
47	2358
47	313
47	1682
47	1182
47	1185
47	2245
47	359
47	743
47	1881
47	1585
47	690
1746	2318
1746	1860
1746	681
352	807
352	688
1396	1347
1396	1450
1396	1113
1396	1953
1396	370
1396	206
1396	619
1396	1122
1396	913
1575	635
1575	1985
1575	1327
1575	2010
1038	2298
390	512
390	99
1312	939
1701	187
715	1094
715	1085
715	213
1733	861
1733	1160
1733	1820
1733	255
1733	939
1733	3
1733	464
1733	2020
1733	325
1733	1405
1733	1208
1733	761
1733	693
1733	2299
1733	213
1733	315
1733	1583
1733	2408
1733	2407
2422	1921
2422	603
2422	840
2422	2266
2422	440
2422	542
2422	2286
2422	1882
2422	59
2422	1895
2422	1297
2422	1984
2422	1215
2422	1640
2422	811
2422	1118
2422	2125
2422	829
2422	1415
1935	293
1935	1444
1935	939
1935	1097
1935	840
1935	1565
1935	1847
1935	1239
1935	1296
1935	1049
1935	998
1935	959
1935	706
1935	1196
1935	1895
1935	1221
1935	2073
1935	408
1935	130
1935	2473
1935	213
1935	213
1935	1640
1935	1144
1935	1118
1935	1968
1935	2432
1935	1415
1935	926
1935	384
2372	733
2372	1664
2372	1239
2372	1992
2372	1992
2372	646
2372	2331
2372	1085
2372	1321
2372	926
343	449
343	1215
343	2172
343	169
1507	1118
760	1160
760	138
760	231
662	521
407	1994
2058	608
2058	1705
2058	2347
2058	2389
2058	2330
2058	2319
2058	2409
2058	2317
2058	2401
2058	2320
2058	706
2058	706
2058	412
2058	305
2058	2225
2058	359
1697	2238
1697	1234
1154	1128
1154	912
1154	38
1154	884
1154	1956
1154	547
1154	1081
1154	710
1154	2051
1154	1089
1154	113
1154	1415
879	654
879	690
1345	1077
819	2470
819	1921
819	2015
819	146
819	1239
819	790
819	976
819	386
819	660
819	660
819	1205
819	1196
819	2035
819	506
819	2137
819	2183
819	1385
819	2368
819	267
819	1748
819	2003
819	1581
819	788
819	1996
819	487
819	708
819	1528
819	264
819	213
819	1373
819	1237
819	933
819	63
819	988
579	891
1546	763
1403	716
1403	2411
1403	133
1403	133
1403	602
1403	1513
1403	729
1403	1545
1403	1495
1403	1232
1403	743
1403	189
1403	1711
13	1612
13	939
13	819
13	1938
13	2425
13	250
13	706
13	1964
13	951
13	305
1337	1882
357	1577
357	2458
357	1389
357	2302
357	819
357	855
357	875
357	809
357	1868
357	1589
357	625
357	2137
357	2137
357	535
357	535
540	628
524	1799
524	2471
524	2446
524	2446
524	1673
524	447
1578	47
1578	1278
1578	2087
468	1324
468	1324
468	718
468	1215
468	1215
468	30
468	30
468	830
468	1691
931	582
1802	635
1802	635
1802	1728
1802	2035
1802	1537
1802	1230
1802	1215
1802	228
1802	1280
1802	283
1802	79
2433	1723
2433	724
2466	1868
2466	864
2314	1590
530	1210
530	1600
530	1793
1150	1921
1150	672
1992	1437
1992	195
1992	765
1992	1835
1992	131
1992	2422
1992	1196
1992	1301
1992	1712
1992	1115
1992	359
1992	184
1992	877
1992	877
1992	425
2022	2039
942	1921
942	983
1982	1316
147	1170
607	47
551	87
551	2161
551	1215
1058	326
1058	969
1058	146
1058	99
1058	1427
1058	891
1058	1014
1058	1694
1058	41
1058	1125
1058	349
1058	1280
1058	2214
1058	1691
1058	385
1058	877
1058	690
846	703
846	1405
1323	1275
807	1381
807	213
807	688
2438	1702
430	293
430	874
430	1834
430	511
430	131
430	1450
430	311
430	519
430	1921
430	326
430	326
430	47
430	1741
430	635
430	512
430	2283
430	1374
430	1865
430	939
430	1427
430	2113
430	2042
430	91
430	26
430	2383
430	1622
430	1058
430	1190
430	702
430	855
430	1831
430	48
430	1157
430	2472
430	2006
430	2194
430	245
430	2219
430	653
430	1538
430	1051
430	2027
430	1225
430	105
430	984
430	538
430	1333
430	1333
430	1785
430	2294
430	431
430	2262
430	1351
430	1412
430	1182
430	475
430	948
430	1385
430	414
430	1215
430	1142
430	301
430	1449
430	2066
430	1094
430	1294
430	10
430	1767
430	2218
430	1085
430	316
430	1257
430	1944
430	1280
430	1099
430	1781
430	1924
430	2345
430	563
430	2130
430	2130
430	1391
430	1691
430	1691
430	1236
430	1690
430	864
430	1075
430	1311
430	1311
430	1357
430	1716
430	253
430	2019
430	2463
430	2024
430	690
430	2165
430	208
681	311
681	939
681	2472
2339	47
2339	47
2339	1622
2339	1943
2339	1763
2339	157
2339	1767
2339	1085
2339	120
2339	1666
2339	691
1831	874
1831	430
1831	1763
1744	430
1022	430
1796	1389
1378	539
1030	293
1030	1427
1030	187
592	939
909	2369
870	293
870	1577
870	51
870	51
870	1834
870	1629
870	119
870	635
870	2016
870	939
870	398
870	1847
870	2261
870	1030
870	1404
870	394
870	248
870	248
870	80
870	508
870	1259
870	742
870	1049
870	399
870	1957
870	2012
870	727
870	1779
870	1694
870	1196
870	1327
870	1040
870	500
870	1707
870	1537
870	823
870	1769
870	970
870	391
870	1390
870	907
870	45
870	1926
870	1433
870	213
870	476
870	1714
870	167
870	1321
870	1780
870	35
870	2240
870	871
870	2385
870	889
870	1311
870	594
870	690
870	690
870	1620
908	809
908	1387
2057	885
2057	1769
1172	1401
1172	1848
2324	68
2324	2231
865	1024
865	2059
865	1480
865	1371
865	857
623	857
623	1727
1645	1875
1645	412
1645	1848
1645	2405
1645	385
442	1847
442	1847
442	2375
442	412
442	1311
989	299
989	565
989	1999
989	292
989	1385
989	264
989	877
651	2269
1558	1868
539	304
539	939
539	430
539	1182
1634	1497
221	1215
394	1612
394	326
394	326
394	47
394	577
394	512
394	939
394	1756
394	1723
394	1058
394	299
394	1048
394	1064
394	1938
394	660
394	1405
394	700
394	2176
394	122
394	412
394	1215
394	1081
394	50
394	1094
394	213
394	134
394	2044
394	253
394	1088
394	1626
394	690
394	2128
767	577
767	981
767	925
767	459
767	1537
767	2046
767	563
767	690
504	304
504	1921
504	939
504	1137
504	1311
545	1544
545	1933
545	1497
1543	1516
1543	1847
1543	891
1543	575
1543	276
1543	350
1543	1543
1543	1259
1543	328
1543	1754
1543	1219
1543	829
1543	353
1543	353
1543	79
1543	644
1543	294
340	505
340	1834
340	1921
340	2258
340	1575
340	1389
340	635
340	2454
340	939
340	939
340	654
340	1416
340	1395
340	1802
340	1239
340	1293
340	1743
340	260
340	1065
340	730
340	2226
340	561
340	740
340	2035
340	1899
340	1005
340	1902
340	2074
340	564
340	275
340	1891
340	1315
340	2190
340	1077
340	563
340	1768
340	1691
340	1585
340	1641
340	1311
340	2419
340	2239
340	690
340	1436
340	1300
1282	1278
1282	939
1282	1416
1282	1895
1282	563
1282	1585
1282	1641
1961	1239
1961	2003
1961	1581
1961	2066
1961	933
1961	63
2233	1842
1159	293
1159	341
1159	1765
1159	304
1159	953
1159	577
1159	1235
1159	1506
1159	2353
1159	840
1159	795
1159	870
1159	1543
1159	1480
1159	312
1159	976
1159	625
1159	393
1159	707
1159	1648
1159	2098
1159	1182
1159	2238
1159	1234
1159	412
1159	1385
1159	823
1159	490
1159	1773
1159	1365
1159	1365
1159	1663
1159	1933
1159	309
1159	1521
1159	336
1159	27
1159	134
1159	1691
1159	1220
1159	1650
1159	2423
1159	100
1159	962
1159	2128
1544	341
1544	1765
1544	1170
1544	600
1544	1695
1544	840
1544	1847
1544	1543
1544	1480
1544	328
1544	707
1544	2098
1544	1182
1544	412
1544	98
790	619
790	1955
2006	1382
2006	833
2006	687
2006	1316
2006	1159
2006	1537
2006	1230
2006	1385
2006	213
2006	1691
2006	79
2418	328
1268	519
1268	939
1268	1445
1268	745
1268	1682
558	1124
2099	2183
2099	1272
2099	1691
2099	1650
565	1516
565	1841
565	1720
565	1160
565	1784
565	635
565	512
565	99
565	939
565	1427
565	1425
565	2058
565	2259
565	1532
565	124
565	775
565	1566
565	598
565	307
565	1966
565	1215
565	1094
565	320
565	2164
565	319
565	68
565	2094
565	63
565	1281
565	1311
565	902
755	635
755	939
755	654
1480	1705
1480	1543
1480	1551
1480	1480
1480	653
1480	449
1480	312
1480	1851
1480	758
1480	1405
1480	1205
1480	2349
1480	2238
1480	803
1480	1272
1480	1691
1480	1650
1480	1650
1868	1100
1868	2182
1868	635
1868	876
1868	357
1868	1992
1868	2000
1868	345
1868	80
1868	232
1868	1868
1868	867
1868	2238
1868	412
1868	412
1868	1215
1868	2468
1868	619
1868	29
1868	29
1868	213
1868	949
1868	433
1868	1893
1868	169
1868	1788
963	1847
963	452
1999	1255
1999	2435
227	718
227	47
227	2115
227	1999
227	1182
227	823
227	29
227	452
227	2239
1029	1717
1029	287
1029	1921
1029	3
1029	2326
1029	1178
1029	2242
1029	2032
1029	811
1029	1826
1029	2274
966	1717
966	99
966	3
966	1230
966	788
966	30
966	811
966	1825
966	756
124	1614
2184	125
2184	2183
2184	490
2184	239
2184	829
2048	1637
473	1200
1223	355
1223	585
1223	1461
1223	1853
1223	2289
1223	2263
1223	2373
1223	1552
2009	939
1604	1834
1807	3
2013	953
2114	833
2114	1291
2114	1239
2114	359
2114	1415
653	1834
653	1575
653	1126
653	424
653	348
653	1427
653	1915
653	1215
653	1826
615	1987
1469	1574
1469	1834
1469	654
1469	891
1469	870
1469	1867
1469	1080
1469	1406
1469	1406
1469	1196
1469	889
1469	2447
826	1834
826	718
826	833
826	809
826	653
826	2359
826	1305
826	359
826	243
826	889
826	2447
2122	718
2122	819
2122	399
2122	672
2122	889
730	1327
1011	1981
1011	554
1011	1197
1011	45
1011	438
116	47
116	2115
116	625
116	1147
116	1344
1692	847
1692	1420
1692	902
1692	690
1692	1512
324	1992
324	1182
1515	1509
449	1687
449	1526
449	1044
449	177
449	1560
449	348
449	2422
449	1723
449	2466
449	402
449	1048
449	1048
449	2187
449	2059
449	449
449	2306
449	312
449	1851
449	2424
449	1211
449	803
449	1663
449	2172
449	898
449	169
449	27
449	2128
449	331
2056	2195
2056	1834
2056	1723
2056	1048
2056	2410
2056	2059
2056	449
2056	1453
2056	1712
2056	1085
2056	2172
2056	169
2056	2128
584	451
584	1506
584	99
584	142
584	1733
584	1299
584	1664
584	1048
584	1543
584	2410
584	124
584	2014
584	605
584	274
584	707
584	697
584	2144
584	895
584	1253
584	857
584	1436
1202	505
1202	833
1202	1316
1202	1388
1202	542
1202	108
1202	881
1202	707
1202	1712
1202	1993
1202	329
1309	553
1309	1291
1309	1441
1309	1500
1309	907
1309	526
1816	1196
1222	2410
1222	843
944	94
944	1490
1625	304
1625	647
1738	273
649	1921
649	1921
649	912
649	920
649	908
649	80
649	2368
649	1155
649	485
649	2140
649	877
215	1921
215	99
215	80
215	473
215	1145
215	2344
215	2368
215	1155
215	2140
215	877
215	1136
569	2333
569	1012
569	143
2442	105
2442	359
894	1484
967	2425
1681	924
1681	1993
1681	1731
1358	1980
549	939
549	1058
549	2400
549	1556
1943	430
1943	2339
775	293
775	355
775	1287
775	74
775	1278
775	635
775	635
775	833
775	1555
775	81
775	290
775	99
775	939
775	2087
775	1705
775	430
775	1404
775	870
775	299
775	340
775	1868
775	1014
775	2455
775	2320
775	105
775	328
775	1405
775	625
775	1208
775	2452
775	412
775	1094
775	1775
775	213
775	239
775	903
775	903
775	1603
775	2214
775	1369
775	68
775	68
775	63
775	2149
775	829
775	1585
775	480
775	1311
775	2447
395	2447
1652	1205
1652	673
1652	2385
1652	810
2237	51
2237	874
2237	419
2237	512
2237	1555
2237	99
2237	1705
2237	1847
2237	1058
2237	1208
2237	2368
2237	1775
2237	63
2237	2149
2237	1650
2237	889
2237	902
1919	51
1919	99
1919	1427
1919	891
1919	1445
1919	2056
1919	1140
1919	2276
1919	2035
1919	307
1919	1215
178	939
178	1427
178	1566
178	1205
178	2035
178	2035
178	181
178	1234
178	213
178	943
178	2029
178	827
178	1626
178	690
178	2128
610	1259
610	181
610	800
610	2086
610	1386
610	2128
610	405
140	1047
140	1062
140	939
140	340
140	1285
140	399
140	399
140	181
140	273
140	777
140	1761
108	1427
108	8
108	8
108	1697
108	1622
108	340
108	105
108	1406
108	181
108	1234
108	481
108	619
108	1933
108	1955
108	1770
108	877
108	1311
1346	99
1346	80
1346	750
1346	690
1346	1965
1346	79
725	1274
725	43
725	26
725	430
725	246
725	1926
725	583
1377	1274
2177	635
1702	587
1702	969
1702	1202
1702	1309
1702	1005
1702	2273
1702	813
1181	587
1181	1202
1181	1309
1672	1834
1496	415
1496	535
2027	1376
2027	430
2027	1329
2027	1536
2027	1215
2027	359
2027	1819
2027	690
2027	1421
399	293
399	1577
399	1043
399	1382
399	1557
399	1458
399	406
399	1834
399	1055
399	304
399	55
399	2011
399	577
399	635
399	981
399	99
399	891
399	681
399	251
399	1193
399	221
399	1048
399	1259
399	696
399	399
399	1591
399	1143
399	1984
399	554
399	2329
399	2400
399	307
399	307
399	918
399	1169
399	448
399	1433
399	903
399	188
399	792
399	2083
399	692
399	800
399	2140
399	1691
399	844
399	844
399	92
399	902
399	690
399	690
399	79
399	1101
399	1519
399	1928
1938	1125
149	939
149	399
149	273
149	33
149	690
149	79
379	1668
613	530
613	1568
200	479
1225	47
1225	81
1225	1675
1225	99
1225	1895
1225	1895
1225	1110
1225	153
1225	213
1225	136
1225	902
1225	1213
1459	99
1459	2316
1459	153
1680	1738
1680	2385
1162	861
1162	255
1162	1406
1162	761
1162	1267
1162	2132
1162	1457
1162	1859
1162	2404
1162	2408
1162	2407
1162	2402
1162	2274
1162	1900
2459	1843
415	1244
415	1370
415	269
415	2377
415	258
415	1248
415	1247
415	383
415	1793
415	1388
415	998
415	2436
415	1040
415	1230
415	1267
415	1215
415	56
415	1381
415	1837
415	1845
415	811
415	1023
1710	269
1710	383
1911	1362
1911	1868
1911	2307
556	1921
556	635
556	1215
2425	2071
2425	1035
2425	1871
2425	1871
2425	758
2425	1406
2425	356
2425	1684
2425	836
2425	1142
2425	344
2425	933
2425	1311
12	2425
557	238
557	275
557	552
901	99
901	1639
901	2171
901	79
250	238
250	758
250	1142
250	619
250	1955
854	2240
1566	2240
2437	635
2437	654
2437	2243
2437	1404
2437	1259
2437	307
2437	2263
2437	2168
2437	690
2437	724
2070	852
919	1987
919	169
2271	1405
2271	2236
2069	852
1015	1015
1814	1963
2134	2265
2134	1484
2134	939
2134	104
2134	77
2134	1882
2134	959
2134	1143
2134	2329
2134	2328
2134	1907
2134	892
2134	563
76	1882
76	160
76	586
76	864
462	1241
462	1241
630	307
630	829
630	690
974	1670
758	933
796	198
1934	47
1653	328
1653	1215
1653	2128
486	81
486	412
486	29
486	1626
2158	1599
1360	1158
1027	1158
1027	326
1027	2320
1027	625
1027	907
1505	269
1505	304
1505	1688
1505	939
1505	1311
1818	1921
1818	1234
663	1510
663	1379
663	304
663	1921
663	1688
663	635
663	939
663	654
663	1847
663	1139
663	2288
663	213
663	1391
663	829
663	1311
951	1921
951	1741
951	1126
951	512
951	413
951	1865
951	920
951	1176
951	939
951	258
951	2058
951	1839
951	1723
951	581
951	1482
951	430
951	126
951	116
951	2347
951	850
951	2276
951	2388
951	1925
951	660
951	1205
951	2257
951	1810
951	823
951	779
951	2399
951	2140
951	872
951	1811
951	889
1810	2058
1810	891
1810	1482
1810	1925
1810	82
1810	1811
984	75
984	1839
984	2276
984	1925
984	317
984	2135
984	872
1221	718
1221	1024
1221	508
1221	984
1013	2276
1013	2249
2145	1006
2145	883
2145	1839
2145	2276
2145	2388
2145	2204
2145	1925
2145	1925
1302	1024
1302	1723
1302	1445
1302	959
1302	779
1302	2242
1302	1690
2358	833
2358	939
2358	654
2358	2257
2358	1448
2358	1292
2358	172
57	273
1283	1629
1283	1992
2035	293
2035	637
2035	1834
2035	1629
2035	987
2035	1112
2035	47
2035	2182
2035	603
2035	635
2035	635
2035	290
2035	939
2035	357
2035	2119
2035	1161
2035	1847
2035	1239
2035	46
2035	1992
2035	1404
2035	1159
2035	345
2035	80
2035	1999
2035	1494
2035	1702
2035	660
2035	700
2035	625
2035	1694
2035	1196
2035	2035
2035	2176
2035	1037
2035	1143
2035	1083
2035	2307
2035	586
2035	1827
2035	777
2035	2238
2035	1234
2035	307
2035	1460
2035	1230
2035	412
2035	412
2035	98
2035	1215
2035	547
2035	2468
2035	1289
2035	29
2035	29
2035	2427
2035	275
2035	487
2035	45
2035	669
2035	213
2035	552
2035	1077
2035	239
2035	1949
2035	1369
2035	433
2035	1930
2035	1893
2035	169
2035	1848
2035	812
2035	1691
2035	100
2035	2385
2035	83
2035	1311
2035	2239
2035	1626
2035	659
2035	690
1899	290
1899	1404
1899	706
1899	2307
1899	213
1050	718
1050	718
1050	635
1050	2115
1050	1999
1050	781
1050	2124
1050	1196
1050	1255
1050	2435
1050	1182
1050	1182
1050	823
1050	823
1050	29
1050	213
1050	940
723	920
723	939
723	654
723	2145
723	1280
723	1314
723	1436
1952	48
1952	1660
1952	1285
1952	1819
280	250
734	1222
734	401
1960	946
1000	1834
576	429
887	1779
887	1984
1520	939
1520	1404
1520	245
1520	1533
1520	351
1520	563
1520	812
1929	2426
832	1933
832	1220
1861	1040
2448	1650
1671	1613
1671	2446
1671	1673
1036	939
997	1598
997	939
997	891
997	1703
997	1712
997	1085
997	2044
997	1758
626	503
1208	1643
1208	1629
1208	1812
1208	326
1208	1126
1208	635
1208	635
1208	1874
1208	99
1208	2061
1208	939
1208	939
1208	654
1208	1035
1208	1049
1208	1338
1208	2346
1208	2205
1208	1285
1208	632
1208	1319
1208	959
1208	1196
1208	1902
1208	434
1208	122
1208	257
1208	307
1208	667
1208	759
1208	171
1208	1077
1208	1321
1208	2044
1208	1311
1208	1311
1208	659
456	326
456	1126
456	635
456	891
456	1852
456	1227
456	399
456	1591
456	412
456	1435
173	1629
173	635
173	939
173	1354
173	2213
173	91
173	434
173	412
173	29
173	1315
173	2371
173	2338
173	1700
453	99
453	1880
453	1106
453	742
453	1537
453	412
453	79
836	514
836	1315
2146	1568
2297	198
1264	1555
1264	1728
1264	282
1264	1987
1264	2266
1264	2183
1264	1230
1264	2364
1264	333
1264	479
572	153
572	1933
572	1132
580	1080
882	153
1380	399
1171	99
1171	1543
1171	1259
1171	1862
1171	1264
1171	1066
1171	1436
111	1274
111	1274
111	725
1334	419
1334	419
1334	47
1334	1092
1214	270
1214	71
1214	198
945	1404
945	2385
506	1543
506	619
2041	706
2041	1279
2041	1234
2096	1967
1606	870
1606	1702
1606	23
973	759
477	1985
477	2238
477	1537
477	218
1313	51
1313	1302
1313	1873
1313	1350
1125	285
1125	667
1182	846
1833	635
1833	340
1833	1014
1833	1405
1833	2214
1833	1585
961	311
961	526
682	1877
181	2035
181	671
181	1759
181	1761
181	564
181	2086
181	1795
273	2342
273	2035
273	2035
273	1759
273	918
273	1795
777	1629
777	1874
777	2035
777	1795
1371	1663
1123	146
1123	654
1123	911
1123	2124
1123	1050
1123	1691
2183	457
2183	1287
2183	1799
2183	1352
2183	260
2183	1868
2183	1194
2183	399
2183	1539
2183	479
2183	628
2183	1091
2183	1129
2183	244
2183	578
252	304
252	939
252	1182
1923	304
1923	939
1923	1182
1923	655
42	2447
2046	1675
2046	348
2046	1656
2046	116
2046	660
2046	1205
2046	1147
2046	2380
2046	1760
2046	307
1637	591
1637	2148
1637	1702
1637	216
856	1921
856	2406
856	1880
856	1773
856	1321
2101	1121
2101	1308
2101	1913
2101	99
2101	1427
2101	1404
2101	1329
2101	340
2101	132
2101	29
2101	1926
2101	1478
2101	433
2101	933
2101	63
2101	2206
1452	99
1452	1886
132	2213
132	933
2208	1
2208	387
2208	1927
2208	1321
135	1926
135	1691
135	1691
366	1328
851	1215
823	1921
823	1921
823	1104
823	43
823	1032
823	2093
823	608
823	1705
823	840
823	1130
823	328
823	1684
823	491
823	532
823	2098
823	1171
823	1827
823	1215
823	1792
823	2128
414	1215
1215	1055
1215	1808
1215	1746
1215	635
1215	833
1215	512
1215	522
1215	9
1215	1553
1215	367
1215	1176
1215	546
1215	939
1215	939
1215	2422
1215	8
1215	1455
1215	2113
1215	891
1215	591
1215	801
1215	809
1215	653
1215	1896
1215	449
1215	1202
1215	2237
1215	2347
1215	2389
1215	2330
1215	2332
1215	2334
1215	2333
1215	1179
1215	899
1215	2276
1215	1569
1215	2340
1215	1899
1215	1119
1215	1143
1215	2236
1215	1966
1215	490
1215	922
1215	2378
1215	759
1215	1315
1215	1736
1215	378
1215	44
1215	485
1215	1198
1215	40
1215	977
1215	633
1215	1431
1215	1432
1215	1691
1215	330
1215	203
1215	877
1215	1311
1215	253
1215	1986
1215	690
1215	1729
1215	279
1142	293
1142	472
1142	304
1142	326
1142	1808
1142	81
1142	939
1142	2058
1142	876
1142	814
1142	117
1142	614
1142	1140
1142	2237
1142	1959
1142	157
1142	210
1142	675
1142	495
1142	388
1142	230
1142	1760
1142	971
1142	851
1142	414
1142	490
1142	490
1142	1096
1142	148
1142	2288
1142	1391
1142	1311
1142	1311
1142	1716
1305	1633
1020	696
896	481
366	601
366	307
366	1691
1769	119
1769	476
667	269
667	1675
667	546
667	1733
667	1170
667	226
667	1005
667	2056
667	1202
667	1309
667	1005
667	997
667	334
667	257
667	1335
667	2331
667	2100
667	2008
288	939
288	1048
1288	1834
932	1921
932	1048
932	1761
932	1230
2449	1834
2449	1327
2295	1868
2295	2134
1304	1834
1304	340
1304	927
1304	1405
1304	1085
1304	63
2234	1834
2421	1847
2211	1585
420	635
420	939
420	1802
906	842
2242	269
2242	1868
2242	1215
2242	487
2242	1311
465	603
1066	1593
1066	1593
1066	1052
1066	328
1066	2149
416	1593
416	116
416	1182
205	814
205	1585
278	2074
770	47
770	885
770	3
770	3
770	1847
770	1
770	2416
770	2416
770	386
770	386
770	2176
770	2021
770	2074
770	2074
770	1321
770	672
770	1900
1623	939
1422	939
1422	2281
1317	679
1317	928
1317	603
1317	1441
1317	1293
1317	2220
1317	2161
1317	1611
1317	1618
1317	1547
1317	923
1718	959
1718	889
39	939
39	1103
619	1717
619	293
619	293
619	828
619	1647
619	2323
619	1325
619	515
619	51
619	505
619	1834
619	1762
619	2167
619	304
619	1921
619	1921
619	1287
619	1913
619	1913
619	1501
619	186
619	2092
619	1394
619	638
619	638
619	74
619	74
619	326
619	969
619	1278
619	1932
619	1947
619	603
619	466
619	2469
619	2453
619	1126
619	635
619	635
619	833
619	888
619	2108
619	981
619	1593
619	413
619	451
619	785
619	883
619	676
619	719
619	99
619	1176
619	939
619	258
619	2341
619	8
619	8
619	3
619	1705
619	1270
619	853
619	1097
619	2119
619	468
619	1708
619	1664
619	1839
619	585
619	1847
619	1847
619	2072
619	891
619	1239
619	517
619	1404
619	870
619	848
619	2133
619	80
619	80
619	809
619	589
619	1724
619	95
619	742
619	116
619	584
619	1064
619	2107
619	285
619	696
619	250
619	1957
619	2012
619	2012
619	727
619	328
619	2276
619	1925
619	660
619	1205
619	1824
619	700
619	936
619	1468
619	732
619	959
619	1206
619	625
619	646
619	1196
619	1196
619	951
619	1221
619	2145
619	1899
619	1327
619	1327
619	1434
619	259
619	1997
619	2352
619	1827
619	1351
619	1351
619	2238
619	1234
619	1537
619	307
619	412
619	412
619	2299
619	1215
619	1215
619	547
619	1448
619	409
619	409
619	71
619	1778
619	1748
619	323
619	29
619	1712
619	301
619	2427
619	916
619	10
619	907
619	45
619	1764
619	813
619	1846
619	1926
619	1926
619	583
619	1433
619	213
619	213
619	309
619	1856
619	793
619	482
619	2279
619	762
619	32
619	2223
619	69
619	563
619	563
619	1504
619	933
619	672
619	2296
619	214
619	339
619	1585
619	1583
619	2044
619	452
619	1228
619	1690
619	1690
619	2241
619	2385
619	822
619	877
619	1579
619	889
619	889
619	127
619	993
619	993
619	2110
619	1626
619	690
619	690
619	439
619	439
619	405
241	1216
241	833
241	546
241	399
241	1978
241	2256
409	2453
409	413
409	785
409	517
409	80
409	328
409	1925
409	959
409	619
409	619
409	29
409	548
409	1955
409	1955
409	2279
409	889
409	127
499	1925
1866	2035
2	1587
2	833
2	654
2	2428
2	1026
2	781
2	2095
2	720
2	2310
2	1950
873	833
873	654
873	1026
873	2310
873	1021
166	833
166	654
166	1026
166	2310
2033	1274
2033	1274
2033	725
2033	2217
1197	1739
1197	1826
1197	815
968	1993
2103	1735
2103	1699
2103	2259
2103	1202
2103	273
1773	1633
1773	1834
1773	635
1773	1868
1773	1290
216	2215
216	725
2078	1835
2078	939
2078	1182
2078	665
2078	1356
1842	505
1842	1676
1842	1441
1842	1239
1842	2233
1842	323
1842	50
1842	1212
1842	2151
1842	1415
1081	430
1081	408
1081	213
982	1121
1070	1717
1070	1582
1070	1940
78	1717
78	1582
78	1940
78	1128
50	16
50	950
50	1793
50	46
50	251
50	1863
50	2426
50	1905
50	619
50	1381
50	1955
50	209
50	815
50	1525
50	690
1381	293
1381	1921
1381	1913
1381	603
1381	645
1381	1600
1381	1614
1381	1999
1381	1205
1381	173
1381	619
1381	559
1381	1778
1381	1846
1381	537
1381	1955
1381	1236
1381	1473
1381	23
1381	2404
1343	2261
1343	2404
2031	1242
2471	1673
2003	1441
2003	807
2003	1242
2003	1267
2003	811
2147	2331
2147	1220
1581	1242
710	765
710	1336
710	4
710	304
710	2406
710	47
710	905
710	687
710	1176
710	546
710	939
710	1239
710	989
710	1159
710	619
710	2025
710	689
710	743
710	1311
710	2404
1475	1336
1475	376
1475	1598
1475	685
1475	413
1475	1404
918	1550
918	1389
918	654
918	430
918	2309
918	1182
918	307
918	721
918	92
918	2385
1503	2238
839	1085
1212	505
1212	1697
1212	2053
1212	1441
1212	1239
1212	1239
1212	2309
1212	500
1212	2137
1212	1842
1212	2151
1212	2127
1212	1415
1212	1415
1212	283
788	1244
788	1370
788	306
788	1601
788	2309
788	788
788	1415
564	978
564	891
564	445
564	1026
564	849
564	1736
564	983
564	233
564	70
2066	1276
1031	2471
1031	2446
1031	1673
2007	1913
2007	939
2007	2210
1854	757
841	2183
841	454
746	1799
1734	311
1734	1799
1734	1263
1734	1553
1734	59
1734	1196
1734	30
1734	2446
1734	244
1878	567
1878	430
1878	1327
1365	1921
1365	1278
1365	99
1365	430
1365	1469
1365	2039
1365	563
1365	1091
1365	933
1365	2044
1365	2044
1365	79
2028	1921
229	1311
1186	1913
1186	891
1186	2183
1186	2183
562	738
562	2426
2221	304
2221	1921
2221	1201
2221	635
2221	2030
2221	521
2221	939
2221	755
2221	1264
2221	554
2221	2238
2221	1142
2221	130
2221	1691
2221	452
2221	1311
2221	1311
2221	384
30	1696
30	554
30	1996
30	640
30	813
30	1246
960	430
960	1448
960	1245
960	535
960	102
960	1311
960	1730
960	2128
2151	854
2151	667
2151	1663
2151	1727
2322	1871
2322	1663
1750	1233
2467	901
2467	901
2467	1436
2467	1849
1277	571
1277	2426
2051	304
2051	1921
2051	382
1089	63
1089	902
275	1921
275	1239
275	855
275	430
275	1316
275	340
275	116
275	200
275	1205
275	1789
275	213
275	1955
2367	1355
2367	1575
1731	924
1731	739
616	1894
616	924
616	1637
616	739
89	1388
89	2144
89	985
89	329
247	1834
247	1959
247	2144
247	1142
1078	917
1078	2144
516	2144
185	1414
185	725
185	2276
185	1810
185	2145
185	2035
185	1773
185	1933
185	1568
185	943
185	1691
185	199
1679	1414
1679	1264
1679	574
1679	1933
590	1180
590	2064
1586	665
1586	441
2084	337
2084	20
2084	1779
821	337
821	792
975	1779
975	650
975	779
975	1815
1292	304
1292	1688
1292	635
1292	939
1292	1384
1292	1404
1292	394
1292	893
1292	1523
1292	149
1292	1925
1292	918
1292	1292
1292	822
1292	889
1292	2090
183	430
153	2436
153	1200
153	695
153	153
153	1933
153	1132
153	659
643	1792
643	110
1340	635
1340	781
1340	2361
1340	625
1340	706
1340	761
1340	1920
1340	1682
1340	1580
1340	63
1340	63
1340	1792
1340	902
1340	902
1340	1900
1340	1626
1340	644
1340	644
84	1792
2123	1414
2123	1261
1485	265
1474	635
1474	265
2331	953
2331	939
2331	1733
2331	591
2331	551
2331	1649
2331	226
2331	1309
2331	1204
2331	758
2331	338
2331	2413
2331	667
2331	2081
2331	829
2331	1698
2331	694
2331	2403
2331	1508
2331	2050
2179	1481
2179	1790
2179	287
2179	287
2179	2126
2179	637
2179	306
2179	634
2179	1293
2179	1247
2179	1596
2179	1997
2179	412
2179	409
2179	10
2179	1423
2179	213
2179	563
2179	2304
2179	2447
2179	624
2179	2402
669	2365
669	1790
669	885
669	2012
669	1997
669	10
669	1039
669	1321
669	452
669	1207
1085	828
1085	224
1085	2076
1085	2323
1085	1790
1085	287
1085	2126
1085	4
1085	1921
1085	1921
1085	1913
1085	450
1085	635
1085	512
1085	1167
1085	676
1085	939
1085	8
1085	2058
1085	2058
1085	2342
1085	2119
1085	1404
1085	2278
1085	73
1085	73
1085	1867
1085	809
1085	2301
1085	328
1085	259
1085	412
1085	1215
1085	18
1085	1423
1085	1340
1085	1926
1085	213
1085	213
1085	239
1085	1367
1085	507
1085	1039
1085	2086
1085	535
1085	327
1085	102
1085	1311
1085	1730
1085	2402
1085	1421
628	1210
628	636
628	637
628	1793
628	778
628	93
628	408
130	2058
130	1983
130	1171
130	1215
1417	2331
813	515
813	512
813	654
813	1035
813	1793
813	660
813	1381
813	788
813	793
813	1246
813	902
2190	1067
2190	2207
2190	2397
1700	1126
1700	196
1700	1865
1700	1467
1700	796
1700	1005
1700	380
1700	1215
1700	2105
1700	1195
1700	176
1700	2225
1700	92
1700	690
2135	1834
2135	80
2135	1094
120	2149
1077	611
1077	2445
1077	1104
1077	939
1077	1756
1077	1416
1077	1594
1077	1227
1077	300
1077	328
1077	1114
1077	2368
1077	1343
1077	1511
1077	239
1077	364
1077	2044
239	239
1949	2406
1949	328
1280	47
1280	939
1280	939
1280	2383
1280	846
1280	430
1280	34
1280	681
1280	801
1280	245
1280	1868
1280	1215
1280	1094
1280	1280
1280	266
1280	1118
1280	2284
1280	690
72	1280
444	99
266	47
266	1389
266	2284
476	47
476	314
476	120
1411	870
1411	1868
1411	1999
1411	1899
1411	1050
1411	1539
1411	107
1411	2447
1806	1196
1806	1926
1631	1287
1631	74
1631	603
1631	939
1631	1565
1631	1113
1631	959
1631	1147
1631	1196
1631	32
1631	672
1631	822
1955	1717
1955	293
1955	828
1955	1647
1955	2323
1955	1325
1955	515
1955	51
1955	505
1955	1834
1955	2167
1955	4
1955	304
1955	1921
1955	1921
1955	1287
1955	1913
1955	1913
1955	1501
1955	186
1955	2092
1955	1394
1955	638
1955	638
1955	74
1955	74
1955	326
1955	969
1955	1278
1955	1932
1955	603
1955	733
1955	466
1955	2469
1955	2453
1955	1126
1955	635
1955	635
1955	833
1955	888
1955	2108
1955	981
1955	413
1955	785
1955	883
1955	676
1955	719
1955	99
1955	1176
1955	546
1955	939
1955	939
1955	258
1955	2341
1955	8
1955	8
1955	3
1955	1705
1955	1270
1955	853
1955	1097
1955	2119
1955	1708
1955	1664
1955	1839
1955	585
1955	1847
1955	1847
1955	2072
1955	891
1955	1239
1955	517
1955	1404
1955	870
1955	767
1955	848
1955	2133
1955	80
1955	80
1955	809
1955	589
1955	1724
1955	95
1955	742
1955	116
1955	584
1955	1064
1955	2107
1955	965
1955	285
1955	1240
1955	696
1955	2347
1955	1957
1955	2012
1955	727
1955	328
1955	2276
1955	1925
1955	660
1955	1205
1955	1824
1955	700
1955	936
1955	1468
1955	732
1955	959
1955	1206
1955	625
1955	646
1955	1196
1955	1196
1955	951
1955	1221
1955	2145
1955	1899
1955	1327
1955	1434
1955	259
1955	1997
1955	2352
1955	1827
1955	1351
1955	1351
1955	2238
1955	2441
1955	1234
1955	1537
1955	307
1955	412
1955	412
1955	2299
1955	1215
1955	1215
1955	547
1955	1448
1955	619
1955	409
1955	409
1955	71
1955	1748
1955	323
1955	29
1955	1712
1955	301
1955	2427
1955	916
1955	2073
1955	408
1955	10
1955	275
1955	907
1955	45
1955	1764
1955	669
1955	813
1955	1846
1955	1926
1955	1926
1955	1433
1955	213
1955	213
1955	309
1955	1856
1955	793
1955	482
1955	2279
1955	1144
1955	762
1955	32
1955	2223
1955	69
1955	563
1955	563
1955	359
1955	1504
1955	933
1955	672
1955	2296
1955	688
1955	214
1955	339
1955	1585
1955	1583
1955	2044
1955	452
1955	1228
1955	1690
1955	1690
1955	2241
1955	100
1955	2385
1955	822
1955	877
1955	1579
1955	889
1955	889
1955	127
1955	993
1955	993
1955	425
1955	902
1955	2110
1955	1626
1955	690
1955	690
1955	439
1955	439
1955	405
501	1947
501	1216
501	1630
284	423
284	2015
284	1689
284	289
284	2392
284	1570
284	1399
284	2017
284	497
284	222
284	2117
284	1082
284	365
284	670
284	2079
284	743
284	22
284	2064
284	2064
284	1271
284	2434
1084	1705
1084	1772
1084	1215
1084	1094
261	1772
1353	1705
53	635
188	2186
188	982
941	1327
1568	1715
1568	2469
1568	1976
1568	2138
1568	625
1568	1694
1568	19
1568	2035
1568	1083
1568	1682
1568	292
1568	1102
1568	1448
1568	2242
1568	1663
1568	1663
1568	169
1568	964
1568	690
943	2266
943	87
943	87
943	1083
943	1234
943	307
943	63
943	2154
943	902
943	690
943	1466
68	1326
68	560
68	1688
68	1741
68	146
68	635
68	1167
68	939
68	8
68	2087
68	2093
68	2357
68	1803
68	725
68	1375
68	236
68	1505
68	663
68	429
68	412
68	1215
68	1628
68	1568
68	2240
68	1483
68	452
68	1990
68	392
68	1620
2004	1311
2169	1717
2169	611
2169	2342
2169	1594
2169	300
2169	1147
2169	393
2169	1410
2169	2378
2169	811
2429	108
417	1797
417	99
417	250
417	1926
417	1436
2094	1921
2094	1176
2094	1723
2094	584
2094	2360
2094	706
2094	707
2094	1440
2094	698
2094	169
835	211
835	952
2251	837
1486	838
1486	954
1486	213
1804	505
1804	1291
1804	2137
1804	526
1804	711
776	2156
776	1847
776	1770
2162	180
2162	878
1572	1921
1572	1688
1844	430
1844	1327
359	293
359	1548
359	1517
359	847
359	1562
359	635
359	99
359	939
359	0
359	8
359	925
359	1705
359	1802
359	1017
359	1184
359	2233
359	565
359	826
359	2360
359	399
359	2134
359	1451
359	328
359	1351
359	412
359	1215
359	483
359	1435
359	2074
359	30
359	2051
359	1085
359	1163
359	877
359	1311
359	1311
359	1729
359	1519
184	269
184	939
184	192
990	99
990	1466
1549	755
1549	1182
1203	1443
1203	433
958	2086
1771	1790
1771	637
1771	355
1771	833
1771	939
1771	1441
1771	1793
1771	116
1771	1145
1771	412
1771	309
1771	563
1771	433
1771	1691
1771	520
1771	100
1771	659
1314	637
1314	355
1314	1747
1314	939
1314	2466
1314	254
1314	563
1314	100
433	1865
433	939
433	1425
433	2178
433	554
433	1215
433	520
433	573
443	81
443	1427
999	828
999	635
999	81
999	99
999	939
999	1427
999	1868
999	292
372	81
372	1427
612	456
933	99
933	1725
933	1514
933	696
933	320
933	1236
933	659
63	81
63	99
63	1514
63	585
63	891
63	1683
63	429
63	152
63	412
63	2331
63	621
63	659
2256	1382
381	2316
381	1850
381	1850
381	2440
381	2183
381	2183
381	1739
2018	70
1709	713
1709	742
1709	415
1709	2112
1709	465
1709	1331
2081	611
2081	337
2081	1910
2081	953
2081	591
2081	226
2081	57
2081	338
2081	580
2081	1440
2081	1460
2081	1295
2081	30
2081	30
2081	2431
2081	1891
2081	1474
2081	1673
2081	2434
2081	79
940	1408
940	1448
641	1389
641	635
641	1176
641	939
641	1802
641	1311
955	505
955	1834
955	1799
955	1176
955	1176
955	939
955	939
955	2316
955	1270
955	1270
955	2188
955	725
955	2440
955	1212
955	2123
955	2155
955	1105
955	381
2149	1717
2149	293
2149	2255
2149	472
2149	611
2149	1238
2149	1479
2149	731
2149	2076
2149	2457
2149	1954
2149	1382
2149	1382
2149	568
2149	609
2149	51
2149	406
2149	1152
2149	1324
2149	1834
2149	1732
2149	1980
2149	219
2149	58
2149	297
2149	1554
2149	2167
2149	601
2149	1746
2149	1937
2149	577
2149	603
2149	1389
2149	635
2149	833
2149	1874
2149	2037
2149	1555
2149	2283
2149	81
2149	915
2149	5
2149	1176
2149	546
2149	939
2149	939
2149	654
2149	1427
2149	1499
2149	1354
2149	306
2149	1299
2149	1725
2149	2316
2149	1270
2149	1270
2149	357
2149	1161
2149	1398
2149	1662
2149	1243
2149	1189
2149	26
2149	772
2149	533
2149	1058
2149	1058
2149	846
2149	314
2149	1030
2149	1193
2149	1404
2149	870
2149	442
2149	464
2149	575
2149	1048
2149	2187
2149	1316
2149	2410
2149	345
2149	80
2149	809
2149	445
2149	653
2149	1026
2149	2124
2149	1
2149	998
2149	1494
2149	285
2149	1890
2149	696
2149	368
2149	1256
2149	178
2149	65
2149	1225
2149	2439
2149	1985
2149	605
2149	2286
2149	300
2149	300
2149	2308
2149	2260
2149	727
2149	1934
2149	1779
2149	1405
2149	1205
2149	1196
2149	1895
2149	1013
2149	2161
2149	1611
2149	1533
2149	1255
2149	2435
2149	222
2149	2117
2149	1005
2149	1333
2149	1877
2149	1327
2149	2178
2149	2176
2149	1902
2149	2163
2149	1143
2149	1040
2149	1984
2149	2307
2149	1249
2149	1613
2149	1114
2149	1827
2149	96
2149	1182
2149	554
2149	554
2149	2329
2149	2328
2149	2400
2149	371
2149	1537
2149	307
2149	412
2149	1260
2149	14
2149	2101
2149	2299
2149	2368
2149	2129
2149	1142
2149	1142
2149	1791
2149	2038
2149	619
2149	1712
2149	670
2149	1166
2149	910
2149	1328
2149	935
2149	2150
2149	275
2149	344
2149	45
2149	15
2149	1002
2149	1002
2149	831
2149	1528
2149	1897
2149	2001
2149	1927
2149	2473
2149	1580
2149	213
2149	213
2149	309
2149	1700
2149	1077
2149	179
2149	903
2149	1603
2149	1955
2149	507
2149	1061
2149	188
2149	2345
2149	563
2149	2136
2149	1391
2149	1968
2149	1187
2149	692
2149	1266
2149	2432
2149	1752
2149	2140
2149	1321
2149	1321
2149	672
2149	955
2149	1950
2149	2264
2149	204
2149	1076
2149	2047
2149	1093
2149	1691
2149	520
2149	2044
2149	1001
2149	452
2149	385
2149	1792
2149	1228
2149	871
2149	100
2149	2385
2149	2385
2149	877
2149	889
2149	962
2149	1430
2149	627
2149	2419
2149	1497
2149	2370
2149	690
2149	690
2149	79
2149	1524
2149	2128
2149	439
2149	405
172	1159
1777	258
1777	846
1777	314
1777	300
1777	412
1950	1717
1950	609
1950	1619
1950	1937
1950	2283
1950	915
1950	939
1950	939
1950	1499
1950	306
1950	2316
1950	1270
1950	1270
1950	1161
1950	1189
1950	533
1950	1030
1950	1316
1950	868
1950	116
1950	696
1950	178
1950	65
1950	300
1950	1934
1950	1405
1950	1533
1950	1005
1950	1005
1950	1327
1950	1191
1950	2307
1950	1997
1950	771
1950	2129
1950	1142
1950	619
1950	1712
1950	301
1950	670
1950	1328
1950	179
1950	1955
1950	188
1950	1187
1950	2310
1950	1585
1950	1584
1950	1497
1950	405
550	1055
550	1316
550	1005
550	1005
550	187
550	619
550	1955
550	405
1872	2316
938	567
938	99
938	412
938	2299
938	45
938	1651
938	2345
938	904
938	1605
159	509
169	457
169	1612
169	718
169	603
169	413
169	1024
169	2093
169	840
169	1636
169	1646
169	1723
169	2059
169	449
169	850
169	959
169	707
169	1857
169	1297
169	1591
169	1114
169	377
169	779
169	2381
169	320
169	2172
169	1580
169	1845
169	1209
2451	413
2451	2145
1749	706
263	1327
204	1071
204	636
204	1913
204	553
204	80
204	2161
204	1040
204	921
204	1081
204	935
204	1837
204	1277
204	1387
2304	1717
2304	1244
2304	1370
2304	363
2304	699
2304	415
2304	1040
2304	921
2304	1267
2304	56
2304	1837
2304	15
2304	548
689	819
689	1868
689	1999
689	1537
689	307
689	907
689	897
689	67
689	563
689	1930
689	1456
689	594
1198	619
2127	541
2127	955
2127	2228
1254	1973
1254	334
743	2469
743	1669
743	49
743	413
743	451
743	939
743	343
743	3
743	3
743	2058
743	1839
743	251
743	502
743	1259
743	1259
743	180
743	2124
743	386
743	265
743	328
743	2276
743	1925
743	660
743	660
743	959
743	1196
743	951
743	951
743	2145
743	1302
743	1639
743	360
743	1009
743	1513
743	1234
743	412
743	2144
743	1385
743	52
743	29
743	2427
743	50
743	670
743	1292
743	2179
743	1897
743	213
743	2270
743	1881
743	1690
743	1311
743	2110
1881	951
1881	29
1881	213
1819	1062
1819	1921
1819	1921
1819	1913
1819	1913
1819	718
1819	326
1819	1932
1819	603
1819	635
1819	635
1819	687
1819	798
1819	1176
1819	939
1819	2411
1819	1103
1819	728
1819	1097
1819	1565
1819	1992
1819	1058
1819	1404
1819	1282
1819	1268
1819	2077
1819	806
1819	80
1819	80
1819	709
1819	1259
1819	1914
1819	893
1819	1868
1819	2124
1819	1064
1819	542
1819	65
1819	399
1819	386
1819	1882
1819	561
1819	1320
1819	660
1819	2443
1819	1205
1819	1206
1819	625
1819	1258
1819	1196
1819	1196
1819	951
1819	360
1819	1899
1819	1929
1819	1009
1819	1984
1819	602
1819	114
1819	1351
1819	1351
1819	2329
1819	307
1819	307
1819	1230
1819	1230
1819	412
1819	2144
1819	1385
1819	1215
1819	1215
1819	667
1819	2395
1819	2427
1819	318
1819	670
1819	375
1819	1186
1819	843
1819	1078
1819	1219
1819	2179
1819	130
1819	404
1819	1926
1819	213
1819	1658
1819	665
1819	1638
1819	1892
1819	417
1819	1704
1819	2140
1819	2125
1819	743
1819	436
1819	1691
1819	520
1819	452
1819	877
1819	211
1819	902
1819	525
1819	1998
1819	2191
1819	659
1819	690
1819	690
1819	1004
1253	1215
1253	2068
1253	2225
1253	2125
986	718
986	833
986	1425
986	660
986	769
1970	1913
1970	718
1970	59
1770	1612
1770	1932
1770	1932
1770	467
1770	25
1770	820
1770	608
1770	1705
1770	1052
1770	508
1770	1868
1770	2309
1770	751
1770	706
1770	213
1770	176
1770	32
1770	1978
1770	335
1770	743
1770	1209
544	959
2227	115
2043	63
2043	902
1409	1834
1409	939
1053	1884
1616	1018
1616	1976
1616	1543
1616	823
1616	1142
1616	619
688	1921
688	1868
688	324
688	1196
688	2196
688	2242
85	2242
880	939
880	1427
214	2115
214	1299
214	2174
214	660
214	1838
214	706
214	2104
1163	939
1163	1427
321	1427
321	2444
321	1993
1284	99
1226	512
198	519
198	99
198	546
198	939
198	797
198	1979
198	1215
198	1215
198	2331
2240	293
2240	635
2240	2285
2240	1981
2240	684
2240	2183
2240	1215
2240	2139
2240	2062
2240	228
2240	1926
2240	690
2240	79
1439	326
1439	684
1439	283
421	786
2181	2141
2181	461
2275	690
1774	1659
1220	303
1220	1921
1220	450
1220	290
1220	99
1220	99
1220	939
1220	939
1220	1345
1220	629
1220	129
1220	1349
1220	1159
1220	65
1220	2268
1220	605
1220	745
1220	1877
1220	832
1220	2163
1220	704
1220	237
1220	412
1220	412
1220	1385
1220	469
1220	710
1220	1511
1220	1926
1220	1968
1220	617
1220	2047
1220	690
36	2076
36	629
36	583
310	939
310	1345
310	1349
310	340
310	2386
310	617
330	939
330	1182
330	1528
330	1742
1177	30
1177	829
1177	339
2284	512
2284	1865
2284	2383
2284	414
2284	2066
2284	1094
2284	1781
2284	1311
2284	2019
2106	1301
534	1384
2029	563
2029	1151
980	811
1472	1170
1286	1568
588	1215
588	839
822	2145
822	2035
822	619
822	1955
1306	625
240	1568
1311	293
1311	269
1311	1325
1311	1098
1311	1629
1311	304
1311	519
1311	1921
1311	1913
1311	1913
1311	186
1311	1812
1311	2406
1311	326
1311	47
1311	1278
1311	553
1311	1126
1311	1541
1311	635
1311	290
1311	1865
1311	920
1311	939
1311	939
1311	1455
1311	2113
1311	2353
1311	503
1311	629
1311	1802
1311	814
1311	1798
1311	1798
1311	1150
1311	1058
1311	1058
1311	855
1311	430
1311	681
1311	1744
1311	1404
1311	1329
1311	565
1311	565
1311	80
1311	1259
1311	459
1311	653
1311	781
1311	781
1311	1049
1311	493
1311	285
1311	149
1311	415
1311	358
1311	1653
1311	1290
1311	1405
1311	2340
1311	997
1311	7
1311	106
1311	1351
1311	1760
1311	1182
1311	554
1311	1873
1311	2238
1311	307
1311	2299
1311	1215
1311	1773
1311	332
1311	720
1311	2221
1311	714
1311	683
1311	1078
1311	1315
1311	1292
1311	838
1311	2303
1311	1926
1311	1700
1311	1700
1311	179
1311	1603
1311	1033
1311	1592
1311	2005
1311	2130
1311	2130
1311	800
1311	1069
1311	2067
1311	1819
1311	134
1311	1439
1311	1691
1311	1236
1311	494
1311	877
1311	1311
1311	736
1311	1088
1311	2019
1311	2463
1311	155
1311	97
1311	690
1311	690
1311	1729
1311	279
175	47
211	304
211	939
211	758
211	1208
211	2240
211	659
253	519
253	939
253	1315
253	1691
1990	690
937	413
937	883
937	719
937	510
937	1063
937	2175
425	1006
2374	1988
2374	430
2374	79
1056	681
1056	2339
492	943
2229	833
2229	2183
460	1971
1542	635
1542	939
1542	1469
1542	826
1542	2122
218	1404
218	1131
787	756
902	1476
902	515
902	1450
902	1808
902	81
902	99
902	1922
902	2280
902	158
902	340
902	2077
902	742
902	1868
902	1049
902	328
902	1754
902	1461
902	377
902	463
902	307
902	823
902	2242
902	2003
902	418
902	774
902	476
902	943
902	438
902	452
902	164
2387	1476
2387	1450
2387	81
2387	1880
2387	1922
2387	158
2387	2077
2387	742
2387	1868
2387	1049
2387	328
2387	1754
2387	1461
2387	307
2387	823
2387	2242
2387	2003
2387	418
2387	774
2387	476
2387	943
2387	438
2463	293
2463	1085
2463	1280
513	1834
1559	1717
1559	1183
1559	1160
1559	636
1559	2111
1559	1762
1559	786
1559	258
1559	523
1559	2058
1559	814
1559	891
1559	1239
1559	1293
1559	445
1559	966
1559	1054
1559	571
1559	386
1559	2095
1559	910
1559	1663
1559	1630
1559	583
1559	583
1559	213
1559	2279
1559	1331
1559	563
1559	1968
1559	686
1559	1691
1559	1691
1559	520
1559	346
1559	2026
543	1717
543	1160
543	636
543	2111
543	1487
543	1762
543	786
543	258
543	523
543	814
543	2072
543	891
543	1239
543	445
543	386
543	2095
543	2253
543	910
543	1277
543	1663
543	1630
543	1968
543	1691
543	1691
543	520
543	346
543	1236
543	2026
659	484
659	1874
659	99
659	654
659	1870
659	1847
659	62
659	62
659	1600
659	1793
659	488
659	1404
659	2425
659	1405
659	1205
659	700
659	625
659	1196
659	1304
659	1490
659	1391
659	1402
659	1109
1199	1694
1127	341
1127	1834
1127	654
1127	1035
1127	891
1127	1500
1127	399
1127	1290
1127	618
1127	698
1127	203
1127	690
1127	690
2128	505
2128	1834
2128	1676
2128	512
2128	1874
2128	915
2128	1146
2128	99
2128	1372
2128	503
2128	1916
2128	1239
2128	846
2128	1404
2128	1159
2128	696
2128	59
2128	1290
2128	1779
2128	1302
2128	1297
2128	2035
2128	823
2128	1215
2128	1142
2128	1740
2128	759
2128	229
2128	2263
2128	1010
2128	1771
2128	2127
2128	1780
2128	27
2128	1691
2128	1236
2128	1236
2128	474
2128	659
2128	690
914	2040
914	573
60	195
60	88
60	304
60	656
60	1771
384	322
384	340
384	105
384	878
1519	560
1519	1477
1519	1540
256	1159
164	293
164	293
164	1183
164	123
164	1126
164	680
164	802
164	99
164	397
164	929
164	891
164	1404
164	1316
164	158
164	80
164	2091
164	554
164	1234
164	66
164	1142
164	1945
164	435
164	1391
164	769
164	2019
995	1311
405	1571
405	1160
405	799
405	58
405	1598
405	3
405	992
405	13
405	468
405	891
405	924
405	1624
405	1404
405	767
405	1316
405	1157
405	80
405	2059
405	489
405	1890
405	1566
405	2309
405	105
405	660
405	660
405	706
405	707
405	1385
405	1215
405	1215
405	2242
405	1094
405	1368
405	1107
405	782
405	1431
405	1432
405	1220
405	877
405	877
405	2026
405	1311
405	1311
405	253
405	1965
405	528
2282	755
631	1921
631	55
631	1389
631	1756
631	891
631	955
784	939
2082	1364
2082	939
2082	1182
2082	1311
1823	939
2049	1427
2049	1868
2049	1215
2049	171
2049	174
2049	136
1436	718
1436	99
1436	99
1436	1514
1436	848
1436	281
1436	2144
1436	2118
1436	2331
1436	1848
1849	99
1849	1514
1849	1611
1849	566
1849	2331
1849	79
1300	269
1300	939
1300	2368
1300	823
1004	1847
1004	165
1004	399
1004	399
1004	625
1004	1196
1004	1464
1004	690
2152	690
2045	269
2045	1389
2045	512
1498	373
1498	1446
1498	1050
103	2240
54	1196
1757	1534
1757	1607
1670	2124
1670	1460
1670	2310
1670	79
1889	1209
528	2153
1751	1717
1751	296
1928	99
2450	1458
2450	659
2247	2446
1942	635
1942	1802
1942	714
1942	690
2160	1761
1400	939
1400	654
1400	1847
1400	1196
1400	1215
2430	2335
2430	1459
1609	546
1609	1459
1609	974
1609	2443
1609	2035
1609	2183
1609	1215
1609	619
1609	1819
1609	1970
2201	2035
1787	220
154	939
154	1607
170	293
170	1921
568	654
1152	249
1152	2230
1834	1327
1355	1458
1355	1510
1355	341
1355	426
1355	1921
1355	939
1355	654
1355	251
1355	1265
1355	221
1355	664
1355	599
1355	2203
1355	1048
1355	459
1355	661
1355	1530
1355	1576
1355	1602
1355	1529
1355	386
1355	1143
1355	656
1355	29
1355	1712
1355	1993
1355	1489
1355	1879
1355	1318
1355	448
1355	563
1355	800
1355	857
1355	339
1355	203
1355	452
1355	690
1121	1128
1121	912
1121	38
1121	884
1121	982
1121	2051
1121	1089
1121	113
1121	188
1121	2305
1121	1348
1034	654
1034	1427
1034	1425
1034	911
765	1921
765	1351
765	531
765	628
765	624
765	432
765	2426
765	102
765	634
765	2342
765	1836
765	1072
765	1488
765	1307
765	935
765	408
765	1322
765	2462
765	2053
765	1415
765	690
765	1965
765	1466
765	1724
765	1601
765	1441
765	1383
765	939
765	1868
765	864
765	737
765	2015
765	427
765	2293
765	963
765	1416
765	900
765	1847
765	1094
765	603
765	2453
765	1839
765	328
765	1824
765	700
765	732
765	959
765	1196
765	2385
765	635
1006	2142
1006	1921
1006	1351
1006	1992
1006	2426
1006	102
1006	634
1006	2342
1006	1836
1006	1072
1006	1488
1006	1307
1006	935
1006	408
1006	628
1006	1322
1006	2462
1006	2053
1006	1415
1006	690
1006	1965
1006	1466
1006	1724
1006	1601
1006	1441
1006	1383
1006	939
1006	1868
1006	864
1006	737
1006	2015
1006	427
1006	2293
1006	963
1006	1416
1006	900
1006	1847
1006	1094
1006	635
2355	1921
2355	1351
2355	2426
2355	102
2355	2053
2355	1415
2355	690
2355	1965
2355	1466
2355	1724
2355	1601
2355	1441
2355	1383
2355	939
2355	1868
2355	864
2355	737
2355	2015
2355	427
2355	2293
2355	963
2355	1416
2355	900
2355	1847
2355	1094
2355	635
519	1311
519	862
186	467
186	466
186	1205
186	1824
186	700
186	646
186	1196
150	997
1492	628
639	1236
639	385
413	1824
413	700
1733	293
1733	255
1733	2299
1733	1131
1733	1704
2422	1089
2058	2319
2058	2409
2058	2317
2058	2401
2058	2384
2058	2376
2058	2244
2058	2393
2058	2055
2058	2320
2058	2222
2058	2291
1697	496
1154	1128
1154	912
1154	38
1154	884
1154	982
1154	2051
1154	1089
1154	113
1154	188
1154	2305
1154	1348
819	1783
819	2183
819	2015
819	1868
819	2035
819	1921
819	1351
819	457
819	11
819	1352
819	2435
819	2051
819	1089
819	113
819	624
819	432
819	2426
819	102
819	634
819	2342
819	1836
819	1072
819	1488
819	1307
819	935
819	408
819	628
819	1322
819	2462
819	1367
819	2053
819	1415
819	690
819	1965
819	1466
819	1724
819	1601
819	1441
819	1383
819	939
819	864
819	737
819	427
819	2293
819	963
819	1416
819	900
819	64
819	2319
819	2409
819	2317
819	2401
819	2384
819	2376
819	2244
819	2393
819	2055
819	2320
819	2222
819	2291
819	1847
819	1094
819	1912
819	635
579	1783
579	2183
579	2015
579	1868
579	2035
579	1921
579	1351
579	624
579	432
579	2426
579	102
579	634
579	2342
579	1836
579	1072
579	1488
579	1307
579	935
579	408
579	628
579	1322
579	2462
579	2053
579	1415
579	690
579	1965
579	1466
579	1724
579	1601
579	1441
579	1383
579	939
579	864
579	737
579	427
579	2293
579	963
579	1416
579	900
579	1847
579	1094
579	1912
579	635
1546	1783
1546	2183
1546	2015
1546	1868
1546	2035
1546	1921
1546	1351
1546	624
1546	432
1546	2426
1546	102
1546	634
1546	2342
1546	1836
1546	1072
1546	1488
1546	1307
1546	935
1546	408
1546	628
1546	1322
1546	2462
1546	2053
1546	1415
1546	690
1546	1965
1546	1466
1546	1724
1546	1601
1546	1441
1546	1383
1546	939
1546	864
1546	737
1546	427
1546	2293
1546	963
1546	1416
1546	900
1546	1847
1546	1094
1546	1912
1546	635
2089	1783
2089	2183
2089	2015
2089	1868
2089	2035
2089	1921
2089	1351
2089	624
2089	432
2089	2426
2089	102
2089	634
2089	2342
2089	1836
2089	1072
2089	1488
2089	1307
2089	935
2089	408
2089	628
2089	1322
2089	2462
2089	2053
2089	1415
2089	690
2089	1965
2089	1466
2089	1724
2089	1601
2089	1441
2089	1383
2089	939
2089	864
2089	737
2089	427
2089	2293
2089	963
2089	1416
2089	900
2089	1847
2089	1094
2089	1912
2089	635
137	1783
137	2183
137	2015
137	1868
137	2035
137	1921
137	1351
137	624
137	432
137	2426
137	102
137	634
137	2342
137	1836
137	1072
137	1488
137	1307
137	935
137	408
137	628
137	1322
137	2462
137	2053
137	1415
137	690
137	1965
137	1466
137	1724
137	1601
137	1441
137	1383
137	939
137	864
137	737
137	427
137	2293
137	963
137	1416
137	900
137	1847
137	1094
137	1912
137	635
1359	1783
1359	2183
1359	2015
1359	1868
1359	2035
1359	1921
1359	1351
1359	624
1359	432
1359	2426
1359	102
1359	634
1359	2342
1359	1836
1359	1072
1359	1488
1359	1307
1359	935
1359	408
1359	628
1359	1322
1359	2462
1359	2053
1359	1415
1359	690
1359	1965
1359	1466
1359	1724
1359	1601
1359	1441
1359	1383
1359	939
1359	864
1359	737
1359	427
1359	2293
1359	963
1359	1416
1359	900
1359	1847
1359	1094
1359	1912
1359	635
1403	1783
1403	2015
1403	1868
1403	2035
1403	1921
1403	1351
1403	624
1403	432
1403	2426
1403	102
1403	634
1403	2342
1403	1836
1403	1072
1403	1488
1403	1307
1403	935
1403	408
1403	628
1403	1322
1403	2462
1403	2053
1403	1415
1403	690
1403	1965
1403	1466
1403	1724
1403	1601
1403	1441
1403	1383
1403	939
1403	864
1403	737
1403	427
1403	2293
1403	963
1403	1416
1403	900
1403	1847
1403	1094
1403	1912
1403	635
13	1425
13	2183
13	1458
13	1510
13	341
13	426
13	1921
13	939
13	654
13	251
13	1265
13	221
13	664
13	599
13	2203
13	1048
13	459
13	661
13	1530
13	1576
13	1602
13	1529
13	386
13	1143
13	656
13	29
13	1712
13	1993
13	1489
13	1879
13	1318
13	448
13	563
13	800
13	857
13	339
13	203
13	452
13	690
13	634
13	2342
13	1836
13	1072
13	1488
13	1307
13	935
13	408
13	628
13	1322
13	2462
13	1925
1597	935
1597	408
1597	628
1597	634
1597	2342
1597	1836
1597	1072
1597	1488
1597	1307
1597	1322
1597	2462
1802	635
1802	833
1802	687
1802	1215
1802	819
1802	2035
1802	690
430	512
430	1994
430	2011
430	653
430	414
430	1104
430	1389
34	512
34	1994
34	653
34	414
681	512
681	1994
681	653
681	414
2339	1215
2339	653
2339	414
1120	1215
1120	653
1120	414
1404	213
870	2453
870	829
870	1490
908	809
2057	809
1438	629
1438	2326
1438	2325
1438	2327
1438	991
1438	1958
1438	632
1438	1321
1438	672
989	638
989	74
989	635
989	833
989	687
989	870
989	1868
989	439
989	908
989	1999
1558	1868
1558	870
1558	908
1558	1999
394	1425
394	2183
394	1458
394	1510
394	341
394	426
394	1921
394	939
394	654
394	251
394	1265
394	221
394	664
394	599
394	2203
394	1048
394	459
394	661
394	1530
394	1576
394	1602
394	1529
394	386
394	1143
394	656
394	29
394	1712
394	1993
394	1489
394	1879
394	1318
394	448
394	563
394	800
394	857
394	339
394	203
394	452
394	690
394	634
394	2342
394	1836
394	1072
394	1488
394	1307
394	935
394	408
394	628
394	1322
394	2462
394	1925
767	391
767	843
767	800
767	1641
767	520
767	346
767	844
767	690
767	1965
767	1466
767	1724
340	1921
340	814
340	1419
340	2171
340	2185
340	1905
340	2178
340	1903
340	2176
340	1009
340	648
340	1902
340	1908
340	595
340	1794
340	2337
340	2170
340	1909
340	1975
340	347
340	604
340	21
340	1074
340	1073
340	2252
340	979
340	597
340	1904
340	2248
340	2336
340	1906
340	275
340	1077
340	1585
340	1641
340	197
340	484
340	2102
340	996
340	635
340	1215
340	669
1282	1921
1282	814
1282	1419
1282	2171
1282	2185
1282	1905
1282	2178
1282	1903
1282	2176
1282	1009
1282	648
1282	1902
1282	1908
1282	595
1282	1794
1282	2337
1282	2170
1282	1909
1282	1975
1282	347
1282	604
1282	21
1282	1074
1282	1073
1282	2252
1282	979
1282	597
1282	1904
1282	2248
1282	2336
1282	1906
1282	275
1282	1077
1282	1585
1282	1641
1282	635
1282	1215
1282	669
1159	635
1159	1176
1159	2238
1159	307
1159	412
1159	843
1159	690
1159	1965
1159	1466
1159	1427
1159	870
1159	908
1159	1868
1159	1999
1159	1847
1159	1724
1544	870
1544	908
1544	1868
1544	1999
1868	635
1868	1176
1868	2238
1868	307
1868	412
1868	843
1868	690
1868	1965
1868	1466
1868	1501
1868	80
1868	809
1868	1165
1868	1311
1868	457
1868	11
1868	1352
1868	1925
1868	2435
1868	1066
1868	2469
1868	2465
1868	2458
1868	2464
1868	2453
1868	1847
1868	1824
1868	700
1868	959
1868	1196
1868	2385
1868	584
1868	660
1868	361
1868	274
1868	1838
1868	625
1868	1147
1868	706
1868	242
1868	707
1868	214
1868	1695
1868	1205
1868	603
1868	341
1868	1664
1868	268
1868	1661
1868	1259
1868	391
1868	1215
1868	669
1868	1724
1868	1161
1868	251
1868	328
1868	732
1868	2263
1868	32
1868	1626
963	457
963	11
963	1352
963	1925
963	2435
963	1066
963	1196
963	1713
963	860
963	619
963	1955
963	1868
1999	457
1999	11
1999	1352
1999	1925
1999	2435
1999	1066
1999	1196
227	457
227	11
227	1352
227	1925
227	2435
227	1066
966	1277
966	885
966	672
1469	1722
1469	1060
1469	1072
1469	1488
1469	935
1469	408
1469	1397
1469	1450
1469	1501
1469	718
1469	2011
1469	885
1469	1126
1469	1541
1469	1407
1469	635
1469	833
1469	1263
1469	939
1469	654
1469	1425
1469	1028
1469	809
1469	1413
1469	1532
1469	1307
1469	1864
1469	1269
1469	90
1469	781
1469	369
1469	1042
1469	1821
1469	997
1469	1767
1469	1392
1469	1974
1469	1330
1469	1755
1469	1989
1469	476
1469	1892
1469	972
1469	672
1469	889
1469	131
1469	634
1469	2342
1469	1836
826	1501
826	1397
826	1450
826	718
826	2011
826	885
826	1126
826	1541
826	1407
826	635
826	833
826	1263
826	939
826	654
826	1425
826	1028
826	809
826	1413
826	1532
826	1072
826	1488
826	1307
826	1864
826	1269
826	90
826	781
826	369
826	1042
826	1821
826	997
826	935
826	408
826	1767
826	1392
826	1974
826	1330
826	1755
826	1989
826	476
826	1892
826	972
826	672
826	889
826	131
826	629
826	2326
826	2325
826	2327
826	991
826	1958
826	632
826	1321
826	2359
2122	1397
2122	1450
2122	1501
2122	718
2122	2011
2122	885
2122	1126
2122	1541
2122	1407
2122	635
2122	833
2122	1263
2122	939
2122	654
2122	1425
2122	1028
2122	809
2122	1413
2122	1532
2122	1072
2122	1488
2122	1307
2122	1864
2122	1269
2122	90
2122	781
2122	369
2122	1042
2122	1821
2122	997
2122	935
2122	408
2122	1767
2122	1392
2122	1974
2122	1330
2122	1755
2122	1989
2122	476
2122	1892
2122	972
2122	672
2122	889
2312	1397
2312	1450
2312	1501
2312	718
2312	2011
2312	885
2312	1126
2312	1541
2312	1407
2312	635
2312	833
2312	1263
2312	939
2312	654
2312	1425
2312	1028
2312	809
2312	1413
2312	1532
2312	1072
2312	1488
2312	1307
2312	1864
2312	1269
2312	90
2312	781
2312	369
2312	1042
2312	1821
2312	997
2312	935
2312	408
2312	1767
2312	1392
2312	1974
2312	1330
2312	1755
2312	1989
2312	476
2312	1892
2312	972
2312	672
2312	889
584	584
584	361
584	274
584	1838
584	625
584	1147
584	706
584	242
584	707
584	2041
584	1348
584	1490
1202	732
1202	128
1222	1490
944	1490
649	969
649	953
649	677
649	1502
649	419
649	2109
649	789
649	649
649	215
649	569
649	1685
649	2159
649	804
649	947
649	1188
649	1855
649	294
649	6
649	555
649	1136
649	596
649	1512
649	1620
649	724
649	652
649	752
649	1518
649	2197
649	141
649	225
649	1366
649	1563
215	969
215	953
215	677
215	1502
215	419
215	2109
215	789
215	649
215	215
215	569
215	1685
215	2159
215	804
215	947
215	1188
215	1855
215	294
215	6
215	555
215	1136
215	596
215	1512
215	1620
215	724
215	652
215	752
215	1518
215	2197
215	141
215	225
215	1366
215	1563
569	969
569	953
569	677
569	1502
569	419
569	2109
569	789
569	649
569	215
569	569
569	1685
569	2159
569	804
569	947
569	1188
569	1855
569	294
569	6
569	555
569	1136
569	596
569	1512
569	1620
569	724
569	652
569	752
569	1518
569	2197
569	141
569	225
569	1366
569	1563
1003	1824
1003	700
726	1824
726	700
156	1824
156	700
308	1824
308	700
775	1868
178	150
178	181
178	2362
178	273
178	777
610	150
610	181
610	2362
610	273
610	777
725	635
725	939
725	1316
725	1215
725	241
2277	635
2277	939
2277	1316
2277	1215
2277	241
1702	635
1702	939
1702	1316
1702	1215
1702	241
1181	635
1181	939
1181	1316
1181	1215
1181	241
1672	635
1672	939
1672	1316
1672	1215
1672	241
399	391
399	843
399	800
399	1641
399	520
399	346
399	844
399	690
399	1965
399	1466
399	1458
399	1510
399	341
399	426
399	1921
399	939
399	654
399	251
399	1265
399	221
399	664
399	599
399	2203
399	1048
399	459
399	661
399	1530
399	1576
399	1602
399	1529
399	386
399	1143
399	656
399	29
399	1712
399	1993
399	1489
399	1879
399	1318
399	448
399	563
399	857
399	339
399	203
399	452
399	2011
399	496
399	171
399	1664
399	268
399	1661
399	1259
399	1724
399	1493
399	1901
399	1706
399	2379
399	174
2347	939
2389	939
2330	939
2332	939
2334	939
2333	939
1162	1883
1162	415
1162	1710
415	1361
415	1654
415	1072
415	1488
415	1307
415	935
415	408
2134	2326
2134	2325
2134	2327
2134	991
2134	1958
2134	632
660	328
660	1067
660	2207
82	1991
1564	1991
361	753
361	754
274	753
274	754
1596	2125
1895	2036
951	1824
951	700
951	1925
951	1824
951	700
984	413
984	883
984	719
984	1839
984	1840
984	1925
984	1262
984	2276
984	2173
984	2388
984	2382
984	1426
984	2390
984	2204
984	1217
984	2391
984	1424
984	858
984	2363
984	859
984	2131
984	1428
984	2023
984	660
984	2385
984	2157
984	2311
984	1684
984	1007
984	2060
984	2420
984	2415
984	1008
984	2396
984	389
984	1044
984	428
984	1087
1013	2385
1013	2469
1013	2465
1013	2453
1013	1847
1013	1824
1013	700
1013	959
1013	1196
2145	2276
2145	2173
2145	2388
2145	2382
2145	1426
2145	2390
2145	2204
2145	1217
2145	2391
2145	1424
2145	858
2145	2363
2145	859
2145	1925
2145	2131
2145	1428
2145	2023
2145	1839
2145	660
2145	2385
2145	2157
2145	2311
2145	1684
1302	1824
1302	700
2358	1941
2358	299
2358	126
2358	1931
2358	1016
2358	2157
2358	2311
2358	2145
2358	1545
2358	318
2358	658
2358	657
2358	1141
2358	1595
2358	1292
2358	1839
2358	2192
429	635
2035	635
2035	833
2035	687
2035	1176
2035	1664
2035	2238
2035	307
2035	412
2035	843
2035	690
2035	1965
2035	1466
2035	2142
2035	1501
2035	80
2035	809
2035	1165
2035	1311
2035	457
2035	11
2035	1352
2035	1925
2035	2435
2035	1066
2035	2469
2035	2465
2035	2458
2035	2464
2035	2453
2035	1847
2035	1824
2035	700
2035	959
2035	1196
2035	2385
2035	584
2035	660
2035	361
2035	274
2035	1838
2035	625
2035	1147
2035	706
2035	242
2035	707
2035	214
2035	1695
2035	1205
2035	732
2035	2323
2035	603
2035	251
2035	808
2035	328
2035	32
2035	563
2035	520
2035	2044
2035	1626
2035	1724
2035	1713
2035	860
2035	619
2035	1955
2035	1839
2035	1230
2035	341
2035	268
2035	1661
2035	1259
2035	391
2035	1921
2035	413
2035	81
2035	785
2035	1250
2035	1801
2035	2209
2035	508
2035	17
2035	822
2035	79
2035	1215
2035	669
2035	1161
2035	2263
1899	457
1899	11
1899	1352
1899	1925
1899	2435
1899	1066
1050	457
1050	11
1050	1352
1050	1925
1050	2435
1050	1066
1050	1196
1050	2406
1050	1613
1050	193
1972	635
1972	1215
1972	669
748	624
869	624
957	939
2414	939
2212	939
997	323
997	29
997	1712
997	1055
997	2416
997	2417
997	1977
997	1888
997	2097
997	1130
997	2354
997	1134
997	1822
997	1133
997	1442
997	161
997	285
997	374
997	1116
997	386
997	37
997	295
997	1341
997	1642
997	2074
997	487
997	1605
997	2044
997	1207
997	392
1208	2081
816	654
816	1427
816	1425
816	911
1782	654
1782	1427
1782	1425
1782	911
1264	326
1264	635
1264	833
1264	687
1264	1999
1264	2035
1264	2183
1264	1230
1264	1215
1264	669
1264	470
1264	1820
1264	638
1264	1298
1264	63
1264	2081
2041	1147
2041	706
2041	242
2096	2426
2096	1277
2313	1490
1606	584
1606	706
1606	214
1606	725
1606	190
1606	1969
1606	2202
1606	2277
1606	1377
1606	2052
1606	1702
1606	1181
1606	1672
2120	584
2120	706
2120	214
2120	725
2120	190
2120	1969
2120	2202
2120	2277
2120	1377
2120	2052
2120	1702
2120	1181
2120	1672
2246	584
2246	706
2246	214
2246	725
2246	190
2246	1969
2246	2202
2246	2277
2246	1377
2246	2052
2246	1702
2246	1181
2246	1672
377	635
377	1176
377	1921
377	870
377	429
377	939
377	989
377	1868
377	2035
377	273
377	213
377	307
377	412
377	323
377	690
377	1965
377	1466
377	1724
377	427
377	1847
377	1824
377	700
377	1468
377	732
377	959
377	646
377	1196
377	29
377	2385
377	907
377	45
377	1830
377	780
377	2412
377	529
377	1573
377	2198
377	1828
622	732
622	959
622	1196
622	2385
622	1847
622	1824
622	700
622	1468
622	646
622	29
622	1830
622	780
622	2412
622	529
622	1573
622	2198
622	1828
2143	1664
2143	1221
2143	188
2143	1348
2143	1847
2143	1824
2143	700
2143	29
2143	1468
2143	732
2143	959
2143	646
2143	1196
2143	2385
2199	1664
2199	1221
2199	188
2199	1348
2199	1847
2199	1824
2199	700
2199	29
2199	1468
2199	732
2199	959
2199	646
2199	1196
2199	2385
1531	1664
1531	1221
1531	188
1531	1348
1531	1847
1531	1824
1531	700
1531	29
1531	1468
1531	732
1531	959
1531	646
1531	1196
1531	2385
671	1664
671	1221
671	188
671	1348
671	1847
671	1824
671	700
671	29
671	1468
671	732
671	959
671	646
671	1196
671	2385
463	635
463	1176
463	1921
463	870
463	429
463	939
463	989
463	1868
463	2035
463	273
463	213
463	307
463	412
463	323
463	690
463	1965
463	1466
463	1724
463	427
463	1847
463	1824
463	700
463	1468
463	732
463	959
463	646
463	1196
463	29
463	2385
463	907
463	45
463	1830
463	780
463	2412
463	529
463	1573
463	2198
463	1828
1759	635
1759	989
1759	1868
1759	2035
1759	273
1759	213
586	732
586	959
586	1196
586	2385
586	1847
586	1824
586	700
586	1468
586	646
586	29
586	1830
586	780
586	2412
586	529
586	1573
586	2198
586	1828
118	732
118	959
118	1196
118	2385
118	1847
118	1824
118	700
118	1468
118	646
118	29
118	1830
118	780
118	2412
118	529
118	1573
118	2198
118	1828
973	635
973	1176
973	546
973	1962
973	929
1182	1824
1182	700
181	997
181	1795
2362	997
273	997
273	1795
777	997
777	1795
1123	654
1123	1427
1123	1425
1123	911
2183	260
2183	244
2183	578
606	234
606	1361
2002	234
2002	1361
42	234
42	1361
2300	1221
2300	188
2300	1348
1215	635
1215	1176
1215	546
1215	1962
1215	2238
1215	307
1215	412
1215	843
1215	690
1215	1965
1215	1466
1215	833
1215	1691
1215	929
1215	1847
1215	1724
1215	330
1215	744
1215	1175
1215	1530
1215	1576
1215	1602
1215	1529
1215	1143
1215	1901
1215	1706
1215	2379
1215	174
1215	518
1215	800
1215	1654
1951	1664
1951	268
1951	1661
1951	1847
1951	1824
1951	700
1951	959
1951	1196
1951	2385
1951	2276
1951	2173
1951	2388
1951	2382
1951	1426
1951	2390
1951	2204
1951	1217
1951	2391
1951	1424
1951	858
1951	2363
1951	859
1951	1925
2235	2406
2235	1613
2235	193
667	2331
667	2350
288	1921
288	814
288	1419
288	2171
288	2185
288	1905
288	2178
288	1903
288	2176
288	1009
288	648
288	1902
288	1908
288	595
288	1794
288	2337
288	2170
288	1909
288	1975
288	347
288	604
288	21
288	1074
288	1073
288	2252
288	979
288	597
288	1904
288	2248
288	2336
288	1906
288	275
288	1077
288	1585
288	1641
288	635
288	1215
288	669
1288	1921
1288	814
1288	1419
1288	2171
1288	2185
1288	1905
1288	2178
1288	1903
1288	2176
1288	1009
1288	648
1288	1902
1288	1908
1288	595
1288	1794
1288	2337
1288	2170
1288	1909
1288	1975
1288	347
1288	604
1288	21
1288	1074
1288	1073
1288	2252
1288	979
1288	597
1288	1904
1288	2248
1288	2336
1288	1906
1288	275
1288	1077
1288	1585
1288	1641
932	1921
932	814
932	1419
932	2171
932	2185
932	1905
932	2178
932	1903
932	2176
932	1009
932	648
932	1902
932	1908
932	595
932	1794
932	2337
932	2170
932	1909
932	1975
932	347
932	604
932	21
932	1074
932	1073
932	2252
932	979
932	597
932	1904
932	2248
932	2336
932	1906
932	275
932	1077
932	1585
932	1641
932	635
932	1215
932	669
1632	571
1632	881
1632	2426
906	1632
906	968
906	562
906	30
1066	342
1066	878
1066	1229
1066	2077
1066	457
1066	11
1066	1352
1066	2435
1066	908
1066	2057
1066	1205
1066	1941
1066	625
1066	213
1066	584
1066	660
1066	361
1066	274
1066	1838
1066	1147
1066	706
1066	242
1066	707
1066	214
1066	673
1066	674
1066	1258
1066	994
1066	1176
1066	1695
1066	2385
1066	1567
1066	783
1066	1847
1066	1664
1066	268
1066	1661
1066	1259
416	342
416	878
416	1229
416	213
416	908
416	2057
416	1205
416	1941
416	625
416	584
416	660
416	361
416	274
416	1838
416	1147
416	706
416	242
416	707
416	214
416	673
416	674
416	1258
416	994
416	1176
416	1695
416	2385
416	1567
416	783
416	1847
416	1664
416	268
416	1661
416	1259
205	342
205	878
205	1229
205	908
205	2057
205	1205
205	1941
205	625
205	213
205	584
205	660
205	361
205	274
205	1838
205	1147
205	706
205	242
205	707
205	214
205	673
205	674
205	1258
205	994
205	1176
205	1695
205	2385
205	1567
205	783
205	1847
205	1664
205	268
205	1661
205	1259
410	342
410	878
410	1229
410	908
410	2057
410	1205
410	1941
410	625
410	213
410	1567
410	783
410	2385
410	1847
410	1664
410	268
410	1661
410	1259
770	2416
770	2417
770	1977
770	1888
770	2097
770	1130
770	2354
770	1134
770	1822
770	1133
770	1442
770	161
770	285
770	374
770	1116
770	386
770	37
770	295
770	1341
770	2074
770	2290
770	2121
770	2272
770	1055
770	1712
770	1642
770	487
770	1605
770	2044
770	1207
770	392
619	1921
619	1913
619	638
619	74
619	2453
619	635
619	1664
619	29
619	843
619	213
619	2125
619	127
619	993
619	1068
619	235
619	277
619	1990
619	690
619	1965
619	1466
619	439
619	959
619	1196
619	2385
619	505
619	1287
619	2458
619	2464
619	8
619	268
619	1847
619	369
619	241
619	409
619	907
619	822
619	1626
619	399
619	823
619	326
619	781
619	1042
619	1658
619	1925
619	1066
619	2469
619	2465
619	1824
619	700
619	1839
619	2276
619	2173
619	2388
619	2382
619	1426
619	2390
619	2204
619	1217
619	2391
619	1424
619	858
619	2363
619	859
619	2131
619	1428
619	2023
619	467
619	466
619	1205
619	646
619	584
619	660
619	361
619	274
619	1838
619	625
619	1147
619	706
619	242
619	707
619	214
619	1176
619	1695
619	307
619	412
619	1724
619	732
619	2323
619	603
619	251
619	808
619	328
619	32
619	563
619	2044
619	422
619	1635
619	1935
619	1507
619	1468
619	1684
619	1148
619	2380
619	1661
619	1259
619	413
619	81
619	785
619	1250
619	1801
619	2209
619	508
619	17
619	79
619	1161
619	2263
619	391
241	1921
241	1913
241	638
241	74
241	635
241	29
241	213
241	127
241	993
241	1068
241	235
241	277
241	1990
241	439
241	2080
241	1947
241	1216
241	585
241	328
241	455
241	1925
241	1066
241	1695
241	1684
241	1148
241	625
241	1147
241	1196
241	2380
241	413
241	81
241	785
241	1250
241	1801
241	2209
241	508
241	17
241	822
241	79
241	422
241	1635
298	1435
298	1138
298	216
298	2321
298	1691
2	64
2	2319
2	2409
2	2317
2	2401
2	2384
2	2376
2	2244
2	2393
2	2055
2	2320
2	2222
2	2291
873	64
873	2319
873	2409
873	2317
873	2401
873	2384
873	2376
873	2244
873	2393
873	2055
873	2320
873	2222
873	2291
166	64
166	2319
166	2409
166	2317
166	2401
166	2384
166	2376
166	2244
166	2393
166	2055
166	2320
166	2222
166	2291
968	571
968	881
968	2426
1435	725
1435	190
1435	1969
1435	2202
1435	2277
1435	1377
1435	2052
1435	1702
1435	1181
1435	1672
1435	1316
1435	95
1138	725
1138	190
1138	1969
1138	2202
1138	2277
1138	1377
1138	2052
1138	1702
1138	1181
1138	1672
1138	1316
1138	95
216	725
216	190
216	1969
216	2202
216	2277
216	1377
216	2052
216	1702
216	1181
216	1672
216	1316
216	95
2321	725
2321	190
2321	1969
2321	2202
2321	2277
2321	1377
2321	2052
2321	1702
2321	1181
2321	1672
2321	1316
2321	95
1876	1128
1876	912
1876	38
1876	884
1876	982
1876	2051
1876	1089
1876	113
1876	188
1876	2305
1876	1348
1081	1793
1081	400
1081	286
1081	1149
1081	666
1081	2343
982	1121
78	204
78	635
78	1176
78	1215
50	212
50	16
50	75
50	1081
50	1674
50	2166
1475	1644
1475	61
1475	527
1475	1095
1475	1336
1475	1025
1475	191
1475	437
1475	1233
1475	1462
1475	1119
1475	655
1475	1813
1475	1766
1475	824
918	2053
918	1415
918	1601
918	1441
918	1383
918	737
1503	2053
1503	1415
1503	834
1212	1601
1212	1441
1212	1383
1212	1415
1854	2459
1854	906
1854	1277
30	571
30	881
30	2426
30	1277
960	102
2151	1601
2151	1441
2151	1383
2151	1415
1277	415
1277	2426
1277	1657
1277	788
275	864
275	947
275	1620
89	1425
247	1425
1078	1425
516	1425
890	399
890	1939
121	399
121	1939
1917	399
1917	1939
1393	399
1393	1939
536	399
536	1939
805	399
805	1939
1292	1104
1292	1972
1292	1287
1292	343
1292	1215
1292	1077
1292	631
2331	2081
2350	2081
2179	139
2179	791
2179	1610
2179	1809
2179	302
2179	1481
2179	930
2179	182
2179	2254
2179	1693
2179	1790
2179	817
2179	1561
2179	636
2179	637
2179	634
2179	2342
2179	1836
2179	1535
2179	2180
2179	1615
2179	1793
2179	2065
2179	1522
2179	717
2179	1655
2179	1153
2179	1135
2179	1997
2179	163
2179	78
2179	411
2179	364
2179	1387
2179	773
2179	1045
2179	1776
2179	624
2179	478
2179	1046
2179	1072
2179	1488
2179	1307
2179	935
2179	408
2179	635
2179	1176
2179	1215
669	741
669	1610
669	1809
669	302
669	1790
669	634
669	2342
669	1836
669	886
669	1754
669	1997
669	1303
669	1470
669	624
1085	1481
1085	930
1085	182
1085	2254
1085	1693
1085	2076
1085	1790
1085	1726
1085	1167
1085	634
1085	2342
1085	1836
1085	1189
1085	1867
1085	2301
1085	2232
1085	1997
1085	2238
1085	78
1085	1963
1085	935
1085	408
1085	1764
1085	364
1085	1387
1085	1045
1085	1776
1085	354
1085	624
1085	478
1085	1046
1085	1423
1085	1786
1085	2366
1085	1868
628	2086
628	564
628	593
628	624
628	634
628	2342
628	1836
628	1072
628	1488
628	1307
628	935
628	408
1090	997
1090	1764
1090	628
1090	2010
1090	144
1617	997
1617	1764
1617	628
1617	2010
1617	144
668	997
668	1764
668	628
668	2010
668	144
1079	997
1079	1764
1079	628
1079	2010
1079	144
202	2075
202	2324
202	2224
202	1441
202	1239
202	605
202	300
202	1086
202	2308
202	2309
202	1415
202	1503
1332	2075
1332	2324
1332	2224
1332	1441
1332	1239
1332	605
1332	300
1332	1086
1332	2308
1332	2309
1332	1415
1332	1503
1719	2075
1719	2324
1719	2224
1719	1441
1719	1239
1719	605
1719	300
1719	1086
1719	2308
1719	2309
1719	1415
1719	1503
2088	997
2088	1764
2088	628
2088	2010
2088	144
570	997
570	1764
570	628
570	2010
570	144
749	997
749	1764
749	628
749	2010
749	144
162	1838
162	706
264	1435
264	1138
264	216
264	2321
1077	1104
1077	1972
1077	116
1077	1287
1077	343
1077	1273
1077	1215
1077	1077
1077	631
794	654
794	1427
794	1425
794	911
266	1215
476	1215
1806	725
1806	2277
1806	1918
1806	584
1806	706
1806	214
1806	190
1806	1969
1806	2202
1806	1377
1806	2052
1806	1702
1806	1181
1806	1672
1806	797
1806	508
1806	1215
1806	68
934	725
934	2277
934	1918
934	584
934	706
934	214
934	190
934	1969
934	2202
934	1377
934	2052
934	1702
934	1181
934	1672
934	797
934	508
934	1215
934	68
1955	1921
1955	1913
1955	638
1955	74
1955	2453
1955	635
1955	1664
1955	29
1955	843
1955	213
1955	2125
1955	127
1955	993
1955	1068
1955	235
1955	277
1955	1990
1955	690
1955	1965
1955	1466
1955	439
1955	959
1955	1196
1955	2385
1955	505
1955	1287
1955	2458
1955	2464
1955	268
1955	1847
1955	369
1955	241
1955	409
1955	907
1955	822
1955	1626
1955	399
1955	2011
1955	823
1955	326
1955	8
1955	781
1955	1042
1955	1658
1955	1925
1955	1066
1955	2469
1955	2465
1955	1824
1955	700
1955	1839
1955	2276
1955	2173
1955	2388
1955	2382
1955	1426
1955	2390
1955	2204
1955	1217
1955	2391
1955	1424
1955	858
1955	2363
1955	859
1955	2131
1955	1428
1955	2023
1955	1205
1955	646
1955	584
1955	660
1955	361
1955	274
1955	1838
1955	625
1955	1147
1955	706
1955	242
1955	707
1955	214
1955	1176
1955	1695
1955	307
1955	412
1955	1724
1955	732
1955	2323
1955	603
1955	251
1955	808
1955	328
1955	32
1955	563
1955	2044
1955	422
1955	1635
1955	1935
1955	1507
1955	1468
1955	1684
1955	1148
1955	2380
1955	1661
1955	1259
1955	413
1955	81
1955	785
1955	1250
1955	1801
1955	2209
1955	508
1955	17
1955	79
1955	1161
1955	2263
1955	391
501	2080
501	1947
501	1216
501	585
501	328
501	455
501	1925
501	1066
501	1824
501	700
501	959
501	1913
501	1695
501	1684
501	1148
501	625
501	1147
501	1196
501	2380
501	439
501	1921
501	413
501	81
501	785
501	1250
501	1801
501	2209
501	508
501	17
501	822
501	79
1353	64
1353	2319
1353	2409
1353	2317
1353	2401
1353	2384
1353	2376
1353	2244
1353	2393
1353	2055
1353	2320
1353	2222
1353	2291
151	64
151	2319
151	2409
151	2317
151	2401
151	2384
151	2376
151	2244
151	2393
151	2055
151	2320
151	2222
151	2291
1108	64
1108	2319
1108	2409
1108	2317
1108	2401
1108	2384
1108	2376
1108	2244
1108	2393
1108	2055
1108	2320
1108	2222
1108	2291
188	1121
188	673
188	674
188	1258
188	994
2305	1121
1348	1121
1348	673
1348	674
1348	1258
1348	994
1218	531
1218	624
403	1215
1568	1972
1568	1348
254	1972
943	1234
2169	139
2169	741
2169	791
2169	1610
2169	1809
2169	302
2169	1481
2169	930
2169	182
2169	2254
2169	1693
2169	2076
2169	1790
2169	817
2169	1561
2169	636
2169	637
2169	1726
2169	1167
2169	634
2169	2342
2169	1836
2169	1535
2169	1189
2169	2180
2169	1615
2169	1793
2169	2065
2169	1522
2169	717
2169	1655
2169	886
2169	1867
2169	1153
2169	2301
2169	2232
2169	1135
2169	1754
2169	1997
2169	163
2169	2238
2169	78
2169	1963
2169	935
2169	408
2169	1303
2169	1764
2169	411
2169	364
2169	1387
2169	773
2169	1045
2169	1776
2169	354
2169	1470
2169	624
2169	478
2169	1046
2169	1423
2169	1786
2169	2366
2169	116
2169	204
2169	635
2169	1176
2169	1215
2315	139
2315	741
2315	791
2315	1610
2315	1809
2315	302
2315	1481
2315	930
2315	182
2315	2254
2315	1693
2315	2076
2315	1790
2315	817
2315	1561
2315	636
2315	637
2315	1726
2315	1167
2315	634
2315	2342
2315	1836
2315	1535
2315	1189
2315	2180
2315	1615
2315	1793
2315	2065
2315	1522
2315	717
2315	1655
2315	886
2315	1867
2315	1153
2315	2301
2315	2232
2315	1135
2315	1754
2315	1997
2315	163
2315	2238
2315	78
2315	1963
2315	935
2315	408
2315	1303
2315	1764
2315	411
2315	364
2315	1387
2315	773
2315	1045
2315	1776
2315	354
2315	1470
2315	624
2315	478
2315	1046
2315	1423
2315	1786
2315	2366
2315	116
1339	139
1339	741
1339	791
1339	1610
1339	1809
1339	302
1339	1481
1339	930
1339	182
1339	2254
1339	1693
1339	2076
1339	1790
1339	817
1339	1561
1339	636
1339	637
1339	1726
1339	1167
1339	634
1339	2342
1339	1836
1339	1535
1339	1189
1339	2180
1339	1615
1339	1793
1339	2065
1339	1522
1339	717
1339	1655
1339	886
1339	1867
1339	1153
1339	2301
1339	2232
1339	1135
1339	1754
1339	1997
1339	163
1339	2238
1339	78
1339	1963
1339	935
1339	408
1339	1303
1339	1764
1339	411
1339	364
1339	1387
1339	773
1339	1045
1339	1776
1339	354
1339	1470
1339	624
1339	478
1339	1046
1339	1423
1339	1786
1339	2366
1339	116
359	1868
1869	974
1869	758
1869	796
1869	1934
1869	1059
1995	939
1995	1425
1995	1215
1995	1679
1995	587
1995	99
1995	2010
1995	144
1995	563
1995	433
1995	116
1995	361
1995	1621
1995	188
1995	1348
1995	608
1995	1705
1995	1817
1995	2189
1995	1156
1995	1832
1995	270
1995	2200
1995	2267
1995	1215
1771	939
1771	1425
1771	1215
1771	1679
1771	587
1771	99
1771	2010
1771	144
1771	563
1771	433
1771	116
1771	361
1771	1621
1771	188
1771	1348
1771	608
1771	1705
1771	1817
1771	2189
1771	1156
1771	1832
1771	270
1771	2200
1771	2267
1771	1215
1314	939
1314	1425
1314	974
1314	758
1314	796
1314	1934
1314	1215
1314	1679
1314	563
1314	433
1314	116
1314	361
1314	1621
1314	188
1314	1348
712	974
712	758
712	796
712	1934
712	1059
866	974
866	758
866	796
866	1934
866	1059
764	1913
764	635
764	833
764	687
764	1215
764	1745
764	2287
764	1678
764	1192
764	1829
764	2193
396	1913
396	635
396	833
396	687
396	1215
396	1745
396	2287
396	1678
396	1192
396	1829
396	2193
2081	667
955	505
2149	1425
2149	496
2149	1601
2149	1441
2149	1383
2149	1415
2149	1490
2149	635
2149	1215
2149	669
169	870
169	908
169	1868
169	1999
169	1874
169	1463
169	1857
204	2470
204	1852
204	364
204	1387
204	234
689	1868
689	870
689	908
689	1999
743	635
743	833
743	687
743	1839
743	1840
743	1215
743	843
743	1219
743	2140
743	872
743	2125
743	2063
743	1898
743	2456
743	690
743	1965
743	1466
743	126
743	1224
743	1262
743	1941
743	1251
743	1921
743	1913
743	939
743	728
743	1064
743	1351
743	1885
743	660
743	361
743	274
743	214
743	1168
743	1173
743	340
743	1282
743	571
743	2426
743	951
743	1242
743	705
743	1654
743	2064
743	864
743	608
743	1705
743	2319
743	2409
743	2317
743	2401
743	2384
743	2376
743	2244
743	2393
743	2055
743	2320
743	2222
743	2291
743	1824
743	700
743	29
743	2394
743	2058
743	1951
743	2192
743	1545
743	1164
743	2145
743	318
743	658
743	657
743	1724
1881	635
1881	833
1881	687
1881	1215
1881	1219
1881	2140
1881	872
1881	2125
1881	2063
1881	1898
1881	2456
1881	126
1881	1224
1881	1941
1881	1251
1881	1921
1881	1913
1881	939
1881	728
1881	1064
1881	1351
1881	1885
1881	1951
1881	2192
1881	1545
1881	1164
1881	1839
1881	2145
1881	318
1881	658
1881	657
1819	635
1819	833
1819	687
1819	634
1819	2342
1819	1836
1819	1215
1819	843
1819	1219
1819	446
1819	628
1819	2140
1819	872
1819	2125
1819	2063
1819	1898
1819	2456
1819	690
1819	1965
1819	1466
1819	399
1819	126
1819	1224
1819	1208
1819	1251
1819	1921
1819	1913
1819	939
1819	728
1819	1064
1819	1351
1819	1885
1819	361
1819	673
1819	674
1819	1258
1819	994
1819	1621
1819	188
1819	1348
1819	1168
1819	1173
1819	340
1819	1282
1819	571
1819	2426
1819	951
1819	1242
1819	705
1819	1654
1819	2064
1819	864
1819	608
1819	1705
1819	1066
1819	1824
1819	700
1819	213
1819	1724
1819	2475
1253	635
1253	833
1253	687
1253	1215
1253	1219
1253	2140
1253	872
1253	2125
1253	2063
1253	1898
1253	2456
1253	126
1253	1224
1253	1251
1253	1921
1253	1913
1253	939
1253	728
1253	1064
1253	1351
1253	1885
1253	660
1253	361
1253	274
1253	214
1253	625
986	1913
986	635
986	833
986	687
986	1215
986	1219
986	446
986	2140
986	872
986	2125
986	2063
986	1898
986	2456
986	126
986	1224
986	1251
986	1921
986	939
986	728
986	1064
986	1351
986	1885
986	584
986	625
986	1147
986	706
986	242
986	116
986	1168
986	1173
986	340
986	1282
986	571
986	2426
986	951
986	1242
986	705
986	1654
986	2064
986	864
1970	1913
1970	635
1970	833
1970	687
1970	1215
1970	1219
1970	446
1970	2140
1970	872
1970	2125
1970	2063
1970	1898
1970	2456
1970	126
1970	1224
1970	1251
1970	1921
1970	939
1970	728
1970	1064
1970	1351
1970	1885
1970	584
1970	625
1970	1147
1970	706
1970	242
1970	116
1970	1168
1970	1173
1970	340
1970	1282
1970	571
1970	2426
1970	951
1970	1242
1970	705
1970	1654
1970	2064
1970	864
1770	635
1770	833
1770	687
1770	1215
1770	1219
1770	2140
1770	872
1770	2125
1770	2063
1770	1898
1770	2456
1770	126
1770	1224
1770	1251
1770	1921
1770	1913
1770	939
1770	728
1770	1064
1770	1351
1770	1885
1770	584
1770	625
1770	1147
1770	706
1770	242
1770	1205
214	584
214	660
214	361
214	274
214	706
214	707
1163	667
198	845
198	304
198	911
198	2098
198	194
271	326
271	635
271	833
271	687
271	1999
271	2035
271	2183
271	1230
271	1215
271	669
271	470
271	1820
271	638
271	1298
271	63
271	2081
1491	326
1491	635
1491	833
1491	687
1491	1999
1491	2035
1491	2183
1491	1230
1491	1215
1491	669
1491	470
1491	1820
1491	638
1491	1298
1491	63
1491	2081
1439	326
1439	635
1439	833
1439	687
1439	1999
1439	2035
1439	2183
1439	1230
1439	1215
1439	669
1439	470
1439	1820
1439	638
1439	1298
1439	63
1439	2081
2181	470
2181	1820
2181	638
2181	326
2181	635
2181	833
2181	687
2181	215
2181	1215
2181	1298
2181	63
2181	2081
217	470
217	1820
217	638
217	326
217	635
217	833
217	687
217	215
217	1215
217	1298
217	63
217	2081
31	470
31	1820
31	638
31	326
31	635
31	833
31	687
31	215
31	1215
31	1298
31	63
31	2081
2275	470
2275	1820
2275	638
2275	326
2275	635
2275	833
2275	687
2275	215
2275	1215
2275	1298
2275	63
2275	2081
2284	512
2284	1994
2284	1215
722	512
722	1994
722	1215
520	2475
980	1980
980	953
980	1802
980	2269
980	1435
980	1138
980	216
980	2321
980	2292
980	1620
1472	1980
1472	635
1472	1802
1472	1202
1472	399
1472	1215
1472	2269
1472	2292
1472	1567
1472	1620
1001	603
1001	2453
1001	1925
1228	700
1228	1465
1228	2385
1209	700
1209	1465
1209	2385
2385	328
2385	32
2385	1626
1311	304
1311	701
1311	1263
1311	290
1311	939
1311	1150
1311	1454
1311	80
1311	781
1311	369
1311	1042
1311	223
1311	1405
1311	683
1311	1315
1311	1887
1311	1926
1311	1665
1311	2032
1311	1924
1311	109
1311	2345
1311	563
1311	262
1311	1057
1311	1447
1311	2005
1311	1677
1311	2231
1311	735
1311	1236
1311	877
1311	736
1311	253
1311	471
1311	1946
1311	88
1311	519
1311	2085
1311	101
1311	1342
1311	2034
1311	2130
1311	496
1311	874
1311	55
1311	494
1311	862
1311	1039
1311	1310
1311	1471
1311	654
1311	892
253	519
956	102
787	102
902	2474
902	2348
2387	2474
2387	2348
1588	1847
1608	1847
2461	1847
659	1490
659	484
659	2102
659	996
659	197
659	1858
659	1547
659	1721
2228	654
2228	1427
2228	1425
2228	911
2250	654
2250	1427
2250	1425
2250	911
60	269
60	620
60	519
60	326
60	709
60	215
60	1591
60	563
60	433
384	2422
1231	269
1231	620
1231	470
1231	1820
1231	519
1231	638
1231	326
1231	635
1231	833
1231	687
1231	709
1231	215
1231	974
1231	758
1231	1591
1231	1215
1231	1298
1231	563
1231	433
1231	63
1231	2081
631	1104
631	1972
631	1273
784	1425
