name	ids
G1	0
G2	1
G3	2
G4	3
G5	4
G6	5
G7	6
G8	7
G9	8
G10	9
G11	10
G12	11
G13	12
G14	13
G15	14
G16	15
G17	16
G18	17
G19	18
G20	19
G21	20
G22	21
G23	22
G24	23
G25	24
G26	25
G27	26
G28	27
G29	28
G30	29
G31	30
G32	31
G33	32
G34	33
G35	34
G36	35
G37	36
G38	37
G39	38
G40	39
G41	40
G42	41
G43	42
G44	43
G45	44
G46	45
G47	46
G48	47
G49	48
G50	49
G51	50
G52	51
G53	52
G54	53
G55	54
G56	55
G57	56
G58	57
G59	58
G60	59
G61	60
G62	61
G63	62
G64	63
G65	64
G66	65
G67	66
G68	67
G69	68
G70	69
G71	70
G72	71
G73	72
G74	73
G75	74
G76	75
G77	76
G78	77
G79	78
G80	79
G81	80
G82	81
G83	82
G84	83
G85	84
G86	85
G87	86
G88	87
G89	88
G90	89
G91	90
G92	91
G93	92
G94	93
G95	94
G96	95
G97	96
G98	97
G99	98
G100	99
G101	100
G102	101
G103	102
G104	103
G105	104
G106	105
G107	106
G108	107
G109	108
G110	109
G111	110
G112	111
G113	112
G114	113
G115	114
G116	115
G117	116
G118	117
G119	118
G120	119
G121	120
G122	121
G123	122
G124	123
G125	124
G126	125
G127	126
G128	127
G129	128
G130	129
G131	130
G132	131
G133	132
G134	133
G135	134
G136	135
G137	136
G138	137
G139	138
G140	139
G141	140
G142	141
G143	142
G144	143
G145	144
G146	145
G147	146
G148	147
G149	148
G150	149
G151	150
G152	151
G153	152
G154	153
G155	154
G156	155
G157	156
G158	157
G159	158
G160	159
G161	160
G162	161
G163	162
G164	163
G165	164
G166	165
G167	166
G168	167
G169	168
G170	169
G171	170
G172	171
G173	172
G174	173
G175	174
G176	175
G177	176
G178	177
G179	178
G180	179
G181	180
G182	181
G183	182
G184	183
G185	184
G186	185
G187	186
G188	187
G189	188
G190	189
G191	190
G192	191
G193	192
G194	193
G195	194
G196	195
G197	196
G198	197
G199	198
G200	199
G201	200
G202	201
G203	202
G204	203
G205	204
G206	205
G207	206
G208	207
G209	208
G210	209
G211	210
G212	211
G213	212
G214	213
G215	214
G216	215
G217	216
G218	217
G219	218
G220	219
G221	220
G222	221
G223	222
G224	223
G225	224
G226	225
G227	226
G228	227
G229	228
G230	229
G231	230
G232	231
G233	232
G234	233
G235	234
G236	235
G237	236
G238	237
G239	238
G240	239
G241	240
G242	241
G243	242
G244	243
G245	244
G246	245
G247	246
G248	247
G249	248
G250	249
G251	250
G252	251
G253	252
G254	253
G255	254
G256	255
G257	256
G258	257
G259	258
G260	259
G261	260
G262	261
G263	262
G264	263
G265	264
G266	265
G267	266
G268	267
G269	268
G270	269
G271	270
G272	271
G273	272
G274	273
G275	274
G276	275
G277	276
G278	277
G279	278
G280	279
G281	280
G282	281
G283	282
G284	283
G285	284
G286	285
G287	286
G288	287
G289	288
G290	289
G291	290
G292	291
G293	292
G294	293
G295	294
G296	295
G297	296
G298	297
G299	298
G300	299
G301	300
G302	301
G303	302
G304	303
G305	304
G306	305
G307	306
G308	307
G309	308
G310	309
G311	310
G312	311
G313	312
G314	313
G315	314
G316	315
G317	316
G318	317
G319	318
G320	319
G321	320
G322	321
G323	322
G324	323
G325	324
G326	325
G327	326
G328	327
G329	328
G330	329
G331	330
G332	331
G333	332
G334	333
G335	334
G336	335
G337	336
G338	337
G339	338
G340	339
G341	340
G342	341
G343	342
G344	343
G345	344
G346	345
G347	346
G348	347
G349	348
G350	349
G351	350
G352	351
G353	352
G354	353
G355	354
G356	355
G357	356
G358	357
G359	358
G360	359
G361	360
G362	361
G363	362
G364	363
G365	364
G366	365
G367	366
G368	367
G369	368
G370	369
G371	370
G372	371
G373	372
G374	373
G375	374
G376	375
G377	376
G378	377
G379	378
G380	379
G381	380
G382	381
G383	382
G384	383
G385	384
G386	385
G387	386
G388	387
G389	388
G390	389
G391	390
G392	391
G393	392
G394	393
G395	394
G396	395
G397	396
G398	397
G399	398
G400	399
G401	400
G402	401
G403	402
G404	403
G405	404
G406	405
G407	406
G408	407
G409	408
G410	409
G411	410
G412	411
G413	412
G414	413
G415	414
G416	415
G417	416
G418	417
G419	418
G420	419
G421	420
G422	421
G423	422
G424	423
G425	424
G426	425
G427	426
G428	427
G429	428
G430	429
G431	430
G432	431
G433	432
G434	433
G435	434
G436	435
G437	436
G438	437
G439	438
G440	439
G441	440
G442	441
G443	442
G444	443
G445	444
G446	445
G447	446
G448	447
G449	448
G450	449
G451	450
G452	451
G453	452
G454	453
G455	454
G456	455
G457	456
G458	457
G459	458
G460	459
G461	460
G462	461
G463	462
G464	463
G465	464
G466	465
G467	466
G468	467
G469	468
G470	469
G471	470
G472	471
G473	472
G474	473
G475	474
G476	475
G477	476
G478	477
G479	478
G480	479
G481	480
G482	481
G483	482
G484	483
G485	484
G486	485
G487	486
G488	487
G489	488
G490	489
G491	490
G492	491
G493	492
G494	493
G495	494
G496	495
G497	496
G498	497
G499	498
G500	499
G501	500
G502	501
G503	502
G504	503
G505	504
G506	505
G507	506
G508	507
G509	508
G510	509
G511	510
G512	511
G513	512
G514	513
G515	514
G516	515
G517	516
G518	517
G519	518
G520	519
G521	520
G522	521
G523	522
G524	523
G525	524
G526	525
G527	526
G528	527
G529	528
G530	529
G531	530
G532	531
G533	532
G534	533
G535	534
G536	535
G537	536
G538	537
G539	538
G540	539
G541	540
G542	541
G543	542
G544	543
G545	544
G546	545
G547	546
G548	547
G549	548
G550	549
G551	550
G552	551
G553	552
G554	553
G555	554
G556	555
G557	556
G558	557
G559	558
G560	559
G561	560
G562	561
G563	562
G564	563
G565	564
G566	565
G567	566
G568	567
G569	568
G570	569
G571	570
G572	571
G573	572
G574	573
G575	574
G576	575
G577	576
G578	577
G579	578
G580	579
G581	580
G582	581
G583	582
G584	583
G585	584
G586	585
G587	586
G588	587
G589	588
G590	589
G591	590
G592	591
G593	592
G594	593
G595	594
G596	595
G597	596
G598	597
G599	598
G600	599
G601	600
G602	601
G603	602
G604	603
G605	604
G606	605
G607	606
G608	607
G609	608
G610	609
G611	610
G612	611
G613	612
G614	613
G615	614
G616	615
G617	616
G618	617
G619	618
G620	619
G621	620
G622	621
G623	622
G624	623
G625	624
G626	625
G627	626
G628	627
G629	628
G630	629
G631	630
G632	631
G633	632
G634	633
G635	634
G636	635
G637	636
G638	637
G639	638
G640	639
G641	640
G642	641
G643	642
G644	643
G645	644
G646	645
G647	646
G648	647
G649	648
G650	649
G651	650
G652	651
G653	652
G654	653
G655	654
G656	655
G657	656
G658	657
G659	658
G660	659
G661	660
G662	661
G663	662
G664	663
G665	664
G666	665
G667	666
G668	667
G669	668
G670	669
G671	670
G672	671
G673	672
G674	673
G675	674
G676	675
G677	676
G678	677
G679	678
G680	679
G681	680
G682	681
G683	682
G684	683
G685	684
G686	685
G687	686
G688	687
G689	688
G690	689
G691	690
G692	691
G693	692
G694	693
G695	694
G696	695
G697	696
G698	697
G699	698
G700	699
G701	700
G702	701
G703	702
G704	703
G705	704
G706	705
G707	706
G708	707
G709	708
G710	709
G711	710
G712	711
G713	712
G714	713
G715	714
G716	715
G717	716
G718	717
G719	718
G720	719
G721	720
G722	721
G723	722
G724	723
G725	724
G726	725
G727	726
G728	727
G729	728
G730	729
G731	730
G732	731
G733	732
G734	733
G735	734
G736	735
G737	736
G738	737
G739	738
G740	739
G741	740
G742	741
G743	742
G744	743
G745	744
G746	745
G747	746
G748	747
G749	748
G750	749
G751	750
G752	751
G753	752
G754	753
G755	754
G756	755
G757	756
G758	757
G759	758
G760	759
G761	760
G762	761
G763	762
G764	763
G765	764
G766	765
G767	766
G768	767
G769	768
G770	769
G771	770
G772	771
G773	772
G774	773
G775	774
G776	775
G777	776
G778	777
G779	778
G780	779
G781	780
G782	781
G783	782
G784	783
G785	784
G786	785
G787	786
G788	787
G789	788
G790	789
G791	790
G792	791
G793	792
G794	793
G795	794
G796	795
G797	796
G798	797
G799	798
G800	799
G801	800
G802	801
G803	802
G804	803
G805	804
G806	805
G807	806
G808	807
G809	808
G810	809
G811	810
G812	811
G813	812
G814	813
G815	814
G816	815
G817	816
G818	817
G819	818
G820	819
G821	820
G822	821
G823	822
G824	823
G825	824
G826	825
G827	826
G828	827
G829	828
G830	829
G831	830
G832	831
G833	832
G834	833
G835	834
G836	835
G837	836
G838	837
G839	838
G840	839
G841	840
G842	841
G843	842
G844	843
G845	844
G846	845
G847	846
G848	847
G849	848
G850	849
G851	850
G852	851
G853	852
G854	853
G855	854
G856	855
G857	856
G858	857
G859	858
G860	859
G861	860
G862	861
G863	862
G864	863
G865	864
G866	865
G867	866
G868	867
G869	868
G870	869
G871	870
G872	871
G873	872
G874	873
G875	874
G876	875
G877	876
G878	877
G879	878
G880	879
G881	880
G882	881
G883	882
G884	883
G885	884
G886	885
G887	886
G888	887
G889	888
G890	889
G891	890
G892	891
G893	892
G894	893
G895	894
G896	895
G897	896
G898	897
G899	898
G900	899
G901	900
G902	901
G903	902
G904	903
G905	904
G906	905
G907	906
G908	907
G909	908
G910	909
G911	910
G912	911
G913	912
G914	913
G915	914
G916	915
G917	916
G918	917
G919	918
G920	919
G921	920
G922	921
G923	922
G924	923
G925	924
G926	925
G927	926
G928	927
G929	928
G930	929
G931	930
G932	931
G933	932
G934	933
G935	934
G936	935
G937	936
G938	937
G939	938
G940	939
G941	940
G942	941
G943	942
G944	943
G945	944
G946	945
G947	946
G948	947
G949	948
G950	949
G951	950
G952	951
G953	952
G954	953
G955	954
G956	955
G957	956
G958	957
G959	958
G960	959
G961	960
G962	961
G963	962
G964	963
G965	964
G966	965
G967	966
G968	967
G969	968
G970	969
G971	970
G972	971
G973	972
G974	973
G975	974
G976	975
G977	976
G978	977
G979	978
G980	979
G981	980
G982	981
G983	982
G984	983
G985	984
G986	985
G987	986
G988	987
G989	988
G990	989
G991	990
G992	991
G993	992
G994	993
G995	994
G996	995
G997	996
G998	997
G999	998
G1000	999
G1001	1000
G1002	1001
G1003	1002
G1004	1003
G1005	1004
G1006	1005
G1007	1006
G1008	1007
G1009	1008
G1010	1009
G1011	1010
G1012	1011
G1013	1012
G1014	1013
G1015	1014
G1016	1015
G1017	1016
G1018	1017
G1019	1018
G1020	1019
G1021	1020
G1022	1021
G1023	1022
G1024	1023
G1025	1024
G1026	1025
G1027	1026
G1028	1027
G1029	1028
G1030	1029
G1031	1030
G1032	1031
G1033	1032
G1034	1033
G1035	1034
G1036	1035
G1037	1036
G1038	1037
G1039	1038
G1040	1039
G1041	1040
G1042	1041
G1043	1042
G1044	1043
G1045	1044
G1046	1045
G1047	1046
G1048	1047
G1049	1048
G1050	1049
G1051	1050
G1052	1051
G1053	1052
G1054	1053
G1055	1054
G1056	1055
G1057	1056
G1058	1057
G1059	1058
G1060	1059
G1061	1060
G1062	1061
G1063	1062
G1064	1063
G1065	1064
G1066	1065
G1067	1066
G1068	1067
G1069	1068
G1070	1069
G1071	1070
G1072	1071
G1073	1072
G1074	1073
G1075	1074
G1076	1075
G1077	1076
G1078	1077
G1079	1078
G1080	1079
G1081	1080
G1082	1081
G1083	1082
G1084	1083
G1085	1084
G1086	1085
G1087	1086
G1088	1087
G1089	1088
G1090	1089
G1091	1090
G1092	1091
G1093	1092
G1094	1093
G1095	1094
G1096	1095
G1097	1096
G1098	1097
G1099	1098
G1100	1099
G1101	1100
G1102	1101
G1103	1102
G1104	1103
G1105	1104
G1106	1105
G1107	1106
G1108	1107
G1109	1108
G1110	1109
G1111	1110
G1112	1111
G1113	1112
G1114	1113
G1115	1114
G1116	1115
G1117	1116
G1118	1117
G1119	1118
G1120	1119
G1121	1120
G1122	1121
G1123	1122
G1124	1123
G1125	1124
G1126	1125
G1127	1126
G1128	1127
G1129	1128
G1130	1129
G1131	1130
G1132	1131
G1133	1132
G1134	1133
G1135	1134
G1136	1135
G1137	1136
G1138	1137
G1139	1138
G1140	1139
G1141	1140
G1142	1141
G1143	1142
G1144	1143
G1145	1144
G1146	1145
G1147	1146
G1148	1147
G1149	1148
G1150	1149
G1151	1150
G1152	1151
G1153	1152
G1154	1153
G1155	1154
G1156	1155
G1157	1156
G1158	1157
G1159	1158
G1160	1159
G1161	1160
G1162	1161
G1163	1162
G1164	1163
G1165	1164
G1166	1165
G1167	1166
G1168	1167
G1169	1168
G1170	1169
G1171	1170
G1172	1171
G1173	1172
G1174	1173
G1175	1174
G1176	1175
G1177	1176
G1178	1177
G1179	1178
G1180	1179
G1181	1180
G1182	1181
G1183	1182
G1184	1183
G1185	1184
G1186	1185
G1187	1186
G1188	1187
G1189	1188
G1190	1189
G1191	1190
G1192	1191
G1193	1192
G1194	1193
G1195	1194
G1196	1195
G1197	1196
G1198	1197
G1199	1198
G1200	1199
G1201	1200
G1202	1201
G1203	1202
G1204	1203
G1205	1204
G1206	1205
G1207	1206
G1208	1207
G1209	1208
G1210	1209
G1211	1210
G1212	1211
G1213	1212
G1214	1213
G1215	1214
G1216	1215
G1217	1216
G1218	1217
G1219	1218
G1220	1219
G1221	1220
G1222	1221
G1223	1222
G1224	1223
G1225	1224
G1226	1225
G1227	1226
G1228	1227
G1229	1228
G1230	1229
G1231	1230
G1232	1231
G1233	1232
G1234	1233
G1235	1234
G1236	1235
G1237	1236
G1238	1237
G1239	1238
G1240	1239
G1241	1240
G1242	1241
G1243	1242
G1244	1243
G1245	1244
G1246	1245
G1247	1246
G1248	1247
G1249	1248
G1250	1249
G1251	1250
G1252	1251
G1253	1252
G1254	1253
G1255	1254
G1256	1255
G1257	1256
G1258	1257
G1259	1258
G1260	1259
G1261	1260
G1262	1261
G1263	1262
G1264	1263
G1265	1264
G1266	1265
G1267	1266
G1268	1267
G1269	1268
G1270	1269
G1271	1270
G1272	1271
G1273	1272
G1274	1273
G1275	1274
G1276	1275
G1277	1276
G1278	1277
G1279	1278
G1280	1279
G1281	1280
G1282	1281
G1283	1282
G1284	1283
G1285	1284
G1286	1285
G1287	1286
G1288	1287
G1289	1288
G1290	1289
G1291	1290
G1292	1291
G1293	1292
G1294	1293
G1295	1294
G1296	1295
G1297	1296
G1298	1297
G1299	1298
G1300	1299
G1301	1300
G1302	1301
G1303	1302
G1304	1303
G1305	1304
G1306	1305
G1307	1306
G1308	1307
G1309	1308
G1310	1309
G1311	1310
G1312	1311
G1313	1312
G1314	1313
G1315	1314
G1316	1315
G1317	1316
G1318	1317
G1319	1318
G1320	1319
G1321	1320
G1322	1321
G1323	1322
G1324	1323
G1325	1324
G1326	1325
G1327	1326
G1328	1327
G1329	1328
G1330	1329
G1331	1330
G1332	1331
G1333	1332
G1334	1333
G1335	1334
G1336	1335
G1337	1336
G1338	1337
G1339	1338
G1340	1339
G1341	1340
G1342	1341
G1343	1342
G1344	1343
G1345	1344
G1346	1345
G1347	1346
G1348	1347
G1349	1348
G1350	1349
G1351	1350
G1352	1351
G1353	1352
G1354	1353
G1355	1354
G1356	1355
G1357	1356
G1358	1357
G1359	1358
G1360	1359
G1361	1360
G1362	1361
G1363	1362
G1364	1363
G1365	1364
G1366	1365
G1367	1366
G1368	1367
G1369	1368
G1370	1369
G1371	1370
G1372	1371
G1373	1372
G1374	1373
G1375	1374
G1376	1375
G1377	1376
G1378	1377
G1379	1378
G1380	1379
G1381	1380
G1382	1381
G1383	1382
G1384	1383
G1385	1384
G1386	1385
G1387	1386
G1388	1387
G1389	1388
G1390	1389
G1391	1390
G1392	1391
G1393	1392
G1394	1393
G1395	1394
G1396	1395
G1397	1396
G1398	1397
G1399	1398
G1400	1399
G1401	1400
G1402	1401
G1403	1402
G1404	1403
G1405	1404
G1406	1405
G1407	1406
G1408	1407
G1409	1408
G1410	1409
G1411	1410
G1412	1411
G1413	1412
G1414	1413
G1415	1414
G1416	1415
G1417	1416
G1418	1417
G1419	1418
G1420	1419
G1421	1420
G1422	1421
G1423	1422
G1424	1423
G1425	1424
G1426	1425
G1427	1426
G1428	1427
G1429	1428
G1430	1429
G1431	1430
G1432	1431
G1433	1432
G1434	1433
G1435	1434
G1436	1435
G1437	1436
G1438	1437
G1439	1438
G1440	1439
G1441	1440
G1442	1441
G1443	1442
G1444	1443
G1445	1444
G1446	1445
G1447	1446
G1448	1447
G1449	1448
G1450	1449
G1451	1450
G1452	1451
G1453	1452
G1454	1453
G1455	1454
G1456	1455
G1457	1456
G1458	1457
G1459	1458
G1460	1459
G1461	1460
G1462	1461
G1463	1462
G1464	1463
G1465	1464
G1466	1465
G1467	1466
G1468	1467
G1469	1468
G1470	1469
G1471	1470
G1472	1471
G1473	1472
G1474	1473
G1475	1474
G1476	1475
G1477	1476
G1478	1477
G1479	1478
G1480	1479
G1481	1480
G1482	1481
G1483	1482
G1484	1483
G1485	1484
G1486	1485
G1487	1486
G1488	1487
G1489	1488
G1490	1489
G1491	1490
G1492	1491
G1493	1492
G1494	1493
G1495	1494
G1496	1495
G1497	1496
G1498	1497
G1499	1498
G1500	1499
G1501	1500
G1502	1501
G1503	1502
G1504	1503
G1505	1504
G1506	1505
G1507	1506
G1508	1507
G1509	1508
G1510	1509
G1511	1510
G1512	1511
G1513	1512
G1514	1513
G1515	1514
G1516	1515
G1517	1516
G1518	1517
G1519	1518
G1520	1519
G1521	1520
G1522	1521
G1523	1522
G1524	1523
G1525	1524
G1526	1525
G1527	1526
G1528	1527
G1529	1528
G1530	1529
G1531	1530
G1532	1531
G1533	1532
G1534	1533
G1535	1534
G1536	1535
G1537	1536
G1538	1537
G1539	1538
G1540	1539
G1541	1540
G1542	1541
G1543	1542
G1544	1543
G1545	1544
G1546	1545
G1547	1546
G1548	1547
G1549	1548
G1550	1549
G1551	1550
G1552	1551
G1553	1552
G1554	1553
G1555	1554
G1556	1555
G1557	1556
G1558	1557
G1559	1558
G1560	1559
G1561	1560
G1562	1561
G1563	1562
G1564	1563
G1565	1564
G1566	1565
G1567	1566
G1568	1567
G1569	1568
G1570	1569
G1571	1570
G1572	1571
G1573	1572
G1574	1573
G1575	1574
G1576	1575
G1577	1576
G1578	1577
G1579	1578
G1580	1579
G1581	1580
G1582	1581
G1583	1582
G1584	1583
G1585	1584
G1586	1585
G1587	1586
G1588	1587
G1589	1588
G1590	1589
G1591	1590
G1592	1591
G1593	1592
G1594	1593
G1595	1594
G1596	1595
G1597	1596
G1598	1597
G1599	1598
G1600	1599
G1601	1600
G1602	1601
G1603	1602
G1604	1603
G1605	1604
G1606	1605
G1607	1606
G1608	1607
G1609	1608
G1610	1609
G1611	1610
G1612	1611
G1613	1612
G1614	1613
G1615	1614
G1616	1615
G1617	1616
G1618	1617
G1619	1618
G1620	1619
G1621	1620
G1622	1621
G1623	1622
G1624	1623
G1625	1624
G1626	1625
G1627	1626
G1628	1627
G1629	1628
G1630	1629
G1631	1630
G1632	1631
G1633	1632
G1634	1633
G1635	1634
G1636	1635
G1637	1636
G1638	1637
G1639	1638
G1640	1639
G1641	1640
G1642	1641
G1643	1642
G1644	1643
G1645	1644
G1646	1645
G1647	1646
G1648	1647
G1649	1648
G1650	1649
G1651	1650
G1652	1651
G1653	1652
G1654	1653
G1655	1654
G1656	1655
G1657	1656
G1658	1657
G1659	1658
G1660	1659
G1661	1660
G1662	1661
G1663	1662
G1664	1663
G1665	1664
G1666	1665
G1667	1666
G1668	1667
G1669	1668
G1670	1669
G1671	1670
G1672	1671
G1673	1672
G1674	1673
G1675	1674
G1676	1675
G1677	1676
G1678	1677
G1679	1678
G1680	1679
G1681	1680
G1682	1681
G1683	1682
G1684	1683
G1685	1684
G1686	1685
G1687	1686
G1688	1687
G1689	1688
G1690	1689
G1691	1690
G1692	1691
G1693	1692
G1694	1693
G1695	1694
G1696	1695
G1697	1696
G1698	1697
G1699	1698
G1700	1699
G1701	1700
G1702	1701
G1703	1702
G1704	1703
G1705	1704
G1706	1705
G1707	1706
G1708	1707
G1709	1708
G1710	1709
G1711	1710
G1712	1711
G1713	1712
G1714	1713
G1715	1714
G1716	1715
G1717	1716
G1718	1717
G1719	1718
G1720	1719
G1721	1720
G1722	1721
G1723	1722
G1724	1723
G1725	1724
G1726	1725
G1727	1726
G1728	1727
G1729	1728
G1730	1729
G1731	1730
G1732	1731
G1733	1732
G1734	1733
G1735	1734
G1736	1735
G1737	1736
G1738	1737
G1739	1738
G1740	1739
G1741	1740
G1742	1741
G1743	1742
G1744	1743
G1745	1744
G1746	1745
G1747	1746
G1748	1747
G1749	1748
G1750	1749
G1751	1750
G1752	1751
G1753	1752
G1754	1753
G1755	1754
G1756	1755
G1757	1756
G1758	1757
G1759	1758
G1760	1759
G1761	1760
G1762	1761
G1763	1762
G1764	1763
G1765	1764
G1766	1765
G1767	1766
G1768	1767
G1769	1768
G1770	1769
G1771	1770
G1772	1771
G1773	1772
G1774	1773
G1775	1774
G1776	1775
G1777	1776
G1778	1777
G1779	1778
G1780	1779
G1781	1780
G1782	1781
G1783	1782
G1784	1783
G1785	1784
G1786	1785
G1787	1786
G1788	1787
G1789	1788
G1790	1789
G1791	1790
G1792	1791
G1793	1792
G1794	1793
G1795	1794
G1796	1795
G1797	1796
G1798	1797
G1799	1798
G1800	1799
G1801	1800
G1802	1801
G1803	1802
G1804	1803
G1805	1804
G1806	1805
G1807	1806
G1808	1807
G1809	1808
G1810	1809
G1811	1810
G1812	1811
G1813	1812
G1814	1813
G1815	1814
G1816	1815
G1817	1816
G1818	1817
G1819	1818
G1820	1819
G1821	1820
G1822	1821
G1823	1822
G1824	1823
G1825	1824
G1826	1825
G1827	1826
G1828	1827
G1829	1828
G1830	1829
G1831	1830
G1832	1831
G1833	1832
G1834	1833
G1835	1834
G1836	1835
G1837	1836
G1838	1837
G1839	1838
G1840	1839
G1841	1840
G1842	1841
G1843	1842
G1844	1843
G1845	1844
G1846	1845
G1847	1846
G1848	1847
G1849	1848
G1850	1849
G1851	1850
G1852	1851
G1853	1852
G1854	1853
G1855	1854
G1856	1855
G1857	1856
G1858	1857
G1859	1858
G1860	1859
G1861	1860
G1862	1861
G1863	1862
G1864	1863
G1865	1864
G1866	1865
G1867	1866
G1868	1867
G1869	1868
G1870	1869
G1871	1870
G1872	1871
G1873	1872
G1874	1873
G1875	1874
G1876	1875
G1877	1876
G1878	1877
G1879	1878
G1880	1879
G1881	1880
G1882	1881
G1883	1882
G1884	1883
G1885	1884
G1886	1885
G1887	1886
G1888	1887
G1889	1888
G1890	1889
G1891	1890
G1892	1891
G1893	1892
G1894	1893
G1895	1894
G1896	1895
G1897	1896
G1898	1897
G1899	1898
G1900	1899
G1901	1900
G1902	1901
G1903	1902
G1904	1903
G1905	1904
G1906	1905
G1907	1906
G1908	1907
G1909	1908
G1910	1909
G1911	1910
G1912	1911
G1913	1912
G1914	1913
G1915	1914
G1916	1915
G1917	1916
G1918	1917
G1919	1918
G1920	1919
G1921	1920
G1922	1921
G1923	1922
G1924	1923
G1925	1924
G1926	1925
G1927	1926
G1928	1927
G1929	1928
G1930	1929
G1931	1930
G1932	1931
G1933	1932
G1934	1933
G1935	1934
G1936	1935
G1937	1936
G1938	1937
G1939	1938
G1940	1939
G1941	1940
G1942	1941
G1943	1942
G1944	1943
G1945	1944
G1946	1945
G1947	1946
G1948	1947
G1949	1948
G1950	1949
G1951	1950
G1952	1951
G1953	1952
G1954	1953
G1955	1954
G1956	1955
G1957	1956
G1958	1957
G1959	1958
G1960	1959
G1961	1960
G1962	1961
G1963	1962
G1964	1963
G1965	1964
G1966	1965
G1967	1966
G1968	1967
G1969	1968
G1970	1969
G1971	1970
G1972	1971
G1973	1972
G1974	1973
G1975	1974
G1976	1975
G1977	1976
G1978	1977
G1979	1978
G1980	1979
G1981	1980
G1982	1981
G1983	1982
G1984	1983
G1985	1984
G1986	1985
G1987	1986
G1988	1987
G1989	1988
G1990	1989
G1991	1990
G1992	1991
G1993	1992
G1994	1993
G1995	1994
G1996	1995
G1997	1996
G1998	1997
G1999	1998
G2000	1999
G2001	2000
G2002	2001
G2003	2002
G2004	2003
G2005	2004
G2006	2005
G2007	2006
G2008	2007
G2009	2008
G2010	2009
G2011	2010
G2012	2011
G2013	2012
G2014	2013
G2015	2014
G2016	2015
G2017	2016
G2018	2017
G2019	2018
G2020	2019
G2021	2020
G2022	2021
G2023	2022
G2024	2023
G2025	2024
G2026	2025
G2027	2026
G2028	2027
G2029	2028
G2030	2029
G2031	2030
G2032	2031
G2033	2032
G2034	2033
G2035	2034
G2036	2035
G2037	2036
G2038	2037
G2039	2038
G2040	2039
G2041	2040
G2042	2041
G2043	2042
G2044	2043
G2045	2044
G2046	2045
G2047	2046
G2048	2047
G2049	2048
G2050	2049
G2051	2050
G2052	2051
G2053	2052
G2054	2053
G2055	2054
G2056	2055
G2057	2056
G2058	2057
G2059	2058
G2060	2059
G2061	2060
G2062	2061
G2063	2062
G2064	2063
G2065	2064
G2066	2065
G2067	2066
G2068	2067
G2069	2068
G2070	2069
G2071	2070
G2072	2071
G2073	2072
G2074	2073
G2075	2074
G2076	2075
G2077	2076
G2078	2077
G2079	2078
G2080	2079
G2081	2080
G2082	2081
G2083	2082
G2084	2083
G2085	2084
G2086	2085
G2087	2086
G2088	2087
G2089	2088
G2090	2089
G2091	2090
G2092	2091
G2093	2092
G2094	2093
G2095	2094
G2096	2095
G2097	2096
G2098	2097
G2099	2098
G2100	2099
G2101	2100
G2102	2101
G2103	2102
G2104	2103
G2105	2104
G2106	2105
G2107	2106
G2108	2107
G2109	2108
G2110	2109
G2111	2110
G2112	2111
G2113	2112
G2114	2113
G2115	2114
G2116	2115
G2117	2116
G2118	2117
G2119	2118
G2120	2119
G2121	2120
G2122	2121
G2123	2122
G2124	2123
G2125	2124
G2126	2125
G2127	2126
G2128	2127
G2129	2128
G2130	2129
G2131	2130
G2132	2131
G2133	2132
G2134	2133
G2135	2134
G2136	2135
G2137	2136
G2138	2137
G2139	2138
G2140	2139
G2141	2140
G2142	2141
G2143	2142
G2144	2143
G2145	2144
G2146	2145
G2147	2146
G2148	2147
G2149	2148
G2150	2149
G2151	2150
G2152	2151
G2153	2152
G2154	2153
G2155	2154
G2156	2155
G2157	2156
G2158	2157
G2159	2158
G2160	2159
G2161	2160
G2162	2161
G2163	2162
G2164	2163
G2165	2164
G2166	2165
G2167	2166
G2168	2167
G2169	2168
G2170	2169
G2171	2170
G2172	2171
G2173	2172
G2174	2173
G2175	2174
G2176	2175
G2177	2176
G2178	2177
G2179	2178
G2180	2179
G2181	2180
G2182	2181
G2183	2182
G2184	2183
G2185	2184
G2186	2185
G2187	2186
G2188	2187
G2189	2188
G2190	2189
G2191	2190
G2192	2191
G2193	2192
G2194	2193
G2195	2194
G2196	2195
G2197	2196
G2198	2197
G2199	2198
G2200	2199
G2201	2200
G2202	2201
G2203	2202
G2204	2203
G2205	2204
G2206	2205
G2207	2206
G2208	2207
G2209	2208
G2210	2209
G2211	2210
G2212	2211
G2213	2212
G2214	2213
G2215	2214
G2216	2215
G2217	2216
G2218	2217
G2219	2218
G2220	2219
G2221	2220
G2222	2221
G2223	2222
G2224	2223
G2225	2224
G2226	2225
G2227	2226
G2228	2227
G2229	2228
G2230	2229
G2231	2230
G2232	2231
G2233	2232
G2234	2233
G2235	2234
G2236	2235
G2237	2236
G2238	2237
G2239	2238
G2240	2239
G2241	2240
G2242	2241
G2243	2242
G2244	2243
G2245	2244
G2246	2245
G2247	2246
G2248	2247
G2249	2248
G2250	2249
G2251	2250
G2252	2251
G2253	2252
G2254	2253
G2255	2254
G2256	2255
G2257	2256
G2258	2257
G2259	2258
G2260	2259
G2261	2260
G2262	2261
G2263	2262
G2264	2263
G2265	2264
G2266	2265
G2267	2266
G2268	2267
G2269	2268
G2270	2269
G2271	2270
G2272	2271
G2273	2272
G2274	2273
G2275	2274
G2276	2275
G2277	2276
G2278	2277
G2279	2278
G2280	2279
G2281	2280
G2282	2281
G2283	2282
G2284	2283
G2285	2284
G2286	2285
G2287	2286
G2288	2287
G2289	2288
G2290	2289
G2291	2290
G2292	2291
G2293	2292
G2294	2293
G2295	2294
G2296	2295
G2297	2296
G2298	2297
G2299	2298
G2300	2299
G2301	2300
G2302	2301
G2303	2302
G2304	2303
G2305	2304
G2306	2305
G2307	2306
G2308	2307
G2309	2308
G2310	2309
G2311	2310
G2312	2311
G2313	2312
G2314	2313
G2315	2314
G2316	2315
G2317	2316
G2318	2317
G2319	2318
G2320	2319
G2321	2320
G2322	2321
G2323	2322
G2324	2323
G2325	2324
G2326	2325
G2327	2326
G2328	2327
G2329	2328
G2330	2329
G2331	2330
G2332	2331
G2333	2332
G2334	2333
G2335	2334
G2336	2335
G2337	2336
G2338	2337
G2339	2338
G2340	2339
G2341	2340
G2342	2341
G2343	2342
G2344	2343
G2345	2344
G2346	2345
G2347	2346
G2348	2347
G2349	2348
G2350	2349
G2351	2350
G2352	2351
G2353	2352
G2354	2353
G2355	2354
G2356	2355
G2357	2356
G2358	2357
G2359	2358
G2360	2359
G2361	2360
G2362	2361
G2363	2362
G2364	2363
G2365	2364
G2366	2365
G2367	2366
G2368	2367
G2369	2368
G2370	2369
G2371	2370
G2372	2371
G2373	2372
G2374	2373
G2375	2374
G2376	2375
G2377	2376
G2378	2377
G2379	2378
G2380	2379
G2381	2380
G2382	2381
G2383	2382
G2384	2383
G2385	2384
G2386	2385
G2387	2386
G2388	2387
G2389	2388
G2390	2389
G2391	2390
G2392	2391
G2393	2392
G2394	2393
G2395	2394
G2396	2395
G2397	2396
G2398	2397
G2399	2398
G2400	2399
G2401	2400
G2402	2401
G2403	2402
G2404	2403
G2405	2404
G2406	2405
G2407	2406
G2408	2407
G2409	2408
G2410	2409
G2411	2410
G2412	2411
G2413	2412
G2414	2413
G2415	2414
G2416	2415
G2417	2416
G2418	2417
G2419	2418
G2420	2419
G2421	2420
G2422	2421
G2423	2422
G2424	2423
G2425	2424
G2426	2425
G2427	2426
G2428	2427
G2429	2428
G2430	2429
G2431	2430
G2432	2431
G2433	2432
G2434	2433
G2435	2434
G2436	2435
G2437	2436
G2438	2437
G2439	2438
G2440	2439
G2441	2440
G2442	2441
G2443	2442
G2444	2443
G2445	2444
G2446	2445
G2447	2446
G2448	2447
G2449	2448
G2450	2449
G2451	2450
G2452	2451
G2453	2452
G2454	2453
G2455	2454
G2456	2455
G2457	2456
G2458	2457
G2459	2458
G2460	2459
G2461	2460
G2462	2461
G2463	2462
G2464	2463
G2465	2464
G2466	2465
G2467	2466
G2468	2467
G2469	2468
G2470	2469
G2471	2470
G2472	2471
G2473	2472
G2474	2473
G2475	2474
G2476	2475
G2477	2476
G2478	2477
G2479	2478
G2480	2479
G2481	2480
G2482	2481
G2483	2482
G2484	2483
G2485	2484
G2486	2485
G2487	2486
G2488	2487
G2489	2488
G2490	2489
G2491	2490
G2492	2491
G2493	2492
G2494	2493
G2495	2494
G2496	2495
G2497	2496
G2498	2497
G2499	2498
G2500	2499
G2501	2500
G2502	2501
G2503	2502
G2504	2503
G2505	2504
G2506	2505
G2507	2506
G2508	2507
G2509	2508
G2510	2509
G2511	2510
G2512	2511
G2513	2512
G2514	2513
G2515	2514
G2516	2515
G2517	2516
G2518	2517
G2519	2518
G2520	2519
G2521	2520
G2522	2521
G2523	2522
G2524	2523
G2525	2524
G2526	2525
G2527	2526
G2528	2527
G2529	2528
G2530	2529
G2531	2530
G2532	2531
G2533	2532
G2534	2533
G2535	2534
G2536	2535
G2537	2536
G2538	2537
G2539	2538
G2540	2539
G2541	2540
G2542	2541
G2543	2542
G2544	2543
G2545	2544
G2546	2545
G2547	2546
G2548	2547
G2549	2548
G2550	2549
G2551	2550
G2552	2551
G2553	2552
G2554	2553
G2555	2554
G2556	2555
G2557	2556
G2558	2557
G2559	2558
G2560	2559
G2561	2560
G2562	2561
G2563	2562
G2564	2563
G2565	2564
G2566	2565
G2567	2566
G2568	2567
G2569	2568
G2570	2569
G2571	2570
G2572	2571
G2573	2572
G2574	2573
G2575	2574
G2576	2575
G2577	2576
G2578	2577
G2579	2578
G2580	2579
G2581	2580
G2582	2581
G2583	2582
G2584	2583
G2585	2584
G2586	2585
G2587	2586
G2588	2587
G2589	2588
G2590	2589
G2591	2590
G2592	2591
G2593	2592
G2594	2593
G2595	2594
G2596	2595
G2597	2596
G2598	2597
G2599	2598
G2600	2599
G2601	2600
G2602	2601
G2603	2602
G2604	2603
G2605	2604
G2606	2605
G2607	2606
G2608	2607
G2609	2608
G2610	2609
G2611	2610
G2612	2611
G2613	2612
G2614	2613
G2615	2614
G2616	2615
G2617	2616
G2618	2617
G2619	2618
G2620	2619
G2621	2620
G2622	2621
G2623	2622
G2624	2623
G2625	2624
G2626	2625
G2627	2626
G2628	2627
G2629	2628
G2630	2629
G2631	2630
G2632	2631
G2633	2632
G2634	2633
G2635	2634
G2636	2635
G2637	2636
G2638	2637
G2639	2638
G2640	2639
G2641	2640
G2642	2641
G2643	2642
G2644	2643
G2645	2644
G2646	2645
G2647	2646
G2648	2647
G2649	2648
G2650	2649
G2651	2650
G2652	2651
G2653	2652
G2654	2653
G2655	2654
G2656	2655
G2657	2656
G2658	2657
G2659	2658
G2660	2659
G2661	2660
G2662	2661
G2663	2662
G2664	2663
G2665	2664
G2666	2665
G2667	2666
G2668	2667
G2669	2668
G2670	2669
G2671	2670
G2672	2671
G2673	2672
G2674	2673
G2675	2674
G2676	2675
G2677	2676
G2678	2677
G2679	2678
G2680	2679
G2681	2680
G2682	2681
G2683	2682
G2684	2683
G2685	2684
G2686	2685
G2687	2686
G2688	2687
G2689	2688
G2690	2689
G2691	2690
G2692	2691
G2693	2692
G2694	2693
G2695	2694
G2696	2695
G2697	2696
G2698	2697
G2699	2698
G2700	2699
G2701	2700
G2702	2701
G2703	2702
G2704	2703
G2705	2704
G2706	2705
G2707	2706
G2708	2707
G2709	2708
G2710	2709
G2711	2710
G2712	2711
G2713	2712
G2714	2713
G2715	2714
G2716	2715
G2717	2716
G2718	2717
G2719	2718
G2720	2719
G2721	2720
G2722	2721
G2723	2722
G2724	2723
G2725	2724
G2726	2725
G2727	2726
G2728	2727
G2729	2728
G2730	2729
G2731	2730
G2732	2731
G2733	2732
G2734	2733
G2735	2734
G2736	2735
G2737	2736
G2738	2737
G2739	2738
G2740	2739
G2741	2740
G2742	2741
G2743	2742
G2744	2743
G2745	2744
G2746	2745
G2747	2746
G2748	2747
G2749	2748
G2750	2749
G2751	2750
G2752	2751
G2753	2752
G2754	2753
G2755	2754
G2756	2755
G2757	2756
G2758	2757
G2759	2758
G2760	2759
G2761	2760
G2762	2761
G2763	2762
G2764	2763
G2765	2764
G2766	2765
G2767	2766
G2768	2767
G2769	2768
G2770	2769
G2771	2770
G2772	2771
G2773	2772
G2774	2773
G2775	2774
G2776	2775
G2777	2776
G2778	2777
G2779	2778
G2780	2779
G2781	2780
G2782	2781
G2783	2782
G2784	2783
G2785	2784
G2786	2785
G2787	2786
G2788	2787
G2789	2788
G2790	2789
G2791	2790
G2792	2791
G2793	2792
G2794	2793
G2795	2794
G2796	2795
G2797	2796
G2798	2797
G2799	2798
G2800	2799
G2801	2800
G2802	2801
G2803	2802
G2804	2803
G2805	2804
G2806	2805
G2807	2806
G2808	2807
G2809	2808
G2810	2809
